LON,LAT,PLOTID,SAMPLEID,coded_2000_2010,coded_2009_2015,coded_last_change,coded_updated_2010_2015,coded_updated_2005_2010,fcdm,ccdc_2005_2010,ccdc_2010_2015
100.1745060144833,20.617279001591346,3,3,1,1,2002,1,1,0,1,1
101.87582533107727,19.639552646355657,4,4,1,1,2011,1,1,0,1,1
101.8084516847683,19.205396869540692,7,7,1,1,2015,1,1,0,1,1
102.51479699267148,19.599936942325986,11,11,1,1,0,1,1,0,1,1
100.62779590685001,20.04864542674369,14,14,1,1,2003,1,1,0,1,1
102.77135583781602,19.877516365118918,15,15,1,1,2008,1,1,0,1,1
101.3206664854914,17.928801019278442,17,17,1,1,2015,1,1,0,1,1
100.85497984220383,21.159232612500652,18,18,1,1,0,1,1,0,1,1
103.13490403329918,20.67818477785465,19,19,1,1,0,1,1,0,1,1
102.37385132459312,20.588712575556343,20,20,1,1,0,1,1,0,1,1
101.71062515032769,19.88209777306793,21,21,1,1,0,1,1,0,1,1
101.41445060115348,19.0280694324555,24,24,1,1,0,1,1,0,1,1
103.22060331140419,20.753104272550218,29,29,1,1,0,1,1,0,1,1
101.01074771247016,21.322546331153582,33,33,1,1,2004,1,1,0,1,1
101.54407749665192,20.952530265624752,36,36,1,1,0,1,1,0,1,1
102.67918868966535,20.156712755423268,37,37,1,1,0,1,1,0,1,1
104.88607984816177,20.088530625358594,38,38,1,1,0,1,1,0,1,1
102.58836901444087,20.43213622153431,39,39,1,1,0,1,1,0,1,1
104.27567461260256,20.764962034300595,41,41,1,1,2015,1,1,0,1,1
101.17783435531639,21.00723766642763,48,48,1,1,0,1,1,0,1,1
102.27952821976058,20.62617232290413,49,49,1,1,2010,1,1,0,1,1
100.29038868613472,20.55125282820856,51,51,1,1,0,1,1,0,1,1
101.46269013191069,18.66047881819379,52,52,1,1,0,1,1,0,1,1
101.21286865139706,21.021251384859895,53,53,1,1,0,1,1,0,1,1
104.01857677828755,20.234327195971193,54,54,1,1,0,1,1,0,1,1
101.41930150368772,19.2700755699973,55,55,1,1,0,1,1,0,1,1
104.06573833070384,20.594910951016768,56,56,1,1,0,1,1,0,1,1
100.79245709842911,20.56149362244752,59,59,1,1,0,1,1,0,1,1
104.22123670638491,20.53831708811724,60,60,1,1,0,1,1,0,1,1
104.78798381913593,20.08772214160289,62,62,1,1,2015,1,1,0,1,1
100.15914482312486,20.432675210704783,63,63,1,1,0,1,1,0,1,1
103.12062082028169,20.369343983174357,64,64,1,1,2015,1,1,0,1,1
104.1624868868035,20.65985914605861,65,65,1,1,0,1,1,0,1,1
101.46592406693352,18.838614739034693,66,66,1,1,0,1,1,0,1,1
101.15196287513375,21.47292430971519,68,68,1,1,0,1,1,0,1,1
101.0921350772114,18.41416076728822,70,70,1,1,0,1,1,0,1,1
101.09887244184229,17.78704686744438,71,71,1,1,2002,1,1,0,1,1
101.22014500519842,18.58663730183917,74,74,1,1,0,1,1,0,1,1
101.84725890504227,19.209169793733995,76,76,1,1,2014,1,1,0,1,1
104.34250926974106,20.755799218402576,79,79,1,1,0,1,1,0,1,1
102.2992013244828,19.40670932471188,81,81,1,1,0,1,1,0,1,1
100.44373110513392,20.58305318926639,82,82,1,1,2007,1,1,0,1,2
102.89397587409833,20.98379163751211,83,83,1,1,0,1,1,0,1,1
101.4769733449282,18.841848674057523,85,85,1,1,0,1,1,0,1,1
101.89657641414043,19.496181527010183,86,86,1,1,0,1,1,0,1,1
101.09887244184229,20.159677195860862,87,87,1,1,2014,1,1,0,1,2
100.76119572654176,20.83422214270621,89,89,1,1,0,1,1,0,1,1
104.65458399944417,19.74788946962047,90,90,1,1,0,1,1,0,1,1
101.43035078168239,21.189685500632304,91,91,1,1,2000,1,1,0,1,1
103.36963381703961,20.325416365780914,92,92,1,1,0,1,1,0,1,1
100.94499103367261,20.44722791830752,93,93,1,1,2013,1,1,0,1,1
102.71476197491648,19.603170877348816,102,102,1,1,0,1,1,0,1,1
103.57202425055173,20.35748622142398,104,104,1,1,0,1,1,0,1,1
101.45379681059791,19.365207158585555,105,105,1,1,2015,1,1,0,1,1
101.01667659334535,19.933301744262742,112,112,1,1,0,1,1,0,1,1
102.2496143207994,20.855512214939843,113,113,1,1,0,1,1,0,1,1
101.02583940924337,20.8258678105639,114,114,1,1,2011,1,1,0,1,2
101.76748850781244,19.423956978166974,116,116,1,1,2001,1,1,0,1,1
101.85561323718457,19.82873784519123,118,118,1,1,0,1,1,0,1,1
101.23496720738639,19.696416003840422,119,119,1,1,0,1,1,0,1,1
101.84133002416706,20.547749398600494,120,120,1,1,0,1,1,0,1,1
101.75131883269829,18.76854614687337,122,122,1,1,0,1,1,0,1,1
102.72203832871784,20.986217088779235,123,123,1,1,0,1,1,0,1,1
104.91680223087866,20.078289831119633,128,128,1,1,2015,1,1,0,1,1
101.48371070955909,20.95010481435763,132,132,1,1,0,1,1,0,1,1
102.4113110719409,20.043794524209442,135,135,1,1,0,1,1,0,1,1
101.59689843535816,19.866736581709485,137,137,1,1,0,1,1,0,1,1
101.39828092603932,19.048551020933424,139,139,1,1,0,1,1,0,1,1
100.89190060038115,20.398718892965064,141,141,1,1,2015,1,1,0,1,1
104.49719916166643,19.634701743821413,143,143,1,1,0,1,1,0,1,1
100.7442175676719,20.62805878500078,147,147,1,1,2015,1,1,0,1,1
102.17577280444478,20.246454452306807,148,148,1,1,0,1,1,0,1,1
101.42765583583004,19.98800914506562,149,149,1,1,0,1,1,0,1,1
103.20362515253433,20.142968531576237,150,150,1,1,0,1,1,0,1,1
103.30306865448635,20.21627105876039,152,152,1,1,2014,1,1,0,1,1
101.88175421195245,19.764598133905096,153,153,1,1,2002,1,1,0,1,1
102.83118363573837,21.018017449837064,154,154,1,1,0,1,1,0,1,1
101.13336774875248,20.08098477697199,162,162,1,1,0,1,1,0,1,1
101.77045294825004,21.141445969875086,171,171,1,1,0,1,1,0,1,1
102.58675204692945,19.664346148197357,172,172,1,1,2009,1,1,0,1,1
101.380763777999,18.906796869099363,174,174,1,1,0,1,1,0,1,1
101.65457027659862,20.788138568630878,175,175,1,1,0,1,1,0,1,1
104.30747497366039,20.31436708778624,176,176,1,1,2005,1,1,0,1,1
101.12663038412158,19.7045008413975,177,177,1,1,2015,1,1,0,1,1
104.01534284326472,20.65932015688814,179,179,1,1,0,1,1,0,1,1
104.70983038941753,19.890182610625004,181,181,1,1,2015,1,1,0,1,3
101.11612009529738,19.690487122965234,187,187,1,1,2015,1,1,0,1,3
103.01120601867592,20.667135499859977,188,188,1,1,2014,1,1,0,1,1
104.85670493837107,20.056191275130292,190,190,1,1,0,1,1,0,1,1
100.88785818160261,21.25625066318556,193,193,3,1,2004,1,1,0,1,1
100.86333417434615,20.166145065906523,195,195,1,1,0,1,1,0,1,1
102.41535349071944,20.134883694019162,197,197,1,1,0,1,1,0,1,1
102.97563273342479,20.805386222085975,201,201,1,1,0,1,1,0,1,1
102.56573146928105,20.58305318926639,207,207,1,1,0,1,1,0,1,1
102.31590998876742,20.86736997669022,208,208,1,1,2014,1,1,0,1,1
101.85318778591746,20.28014127546129,209,209,1,1,2014,1,1,0,1,1
101.29317803779733,20.897553370236636,214,214,1,1,2002,1,1,0,1,1
104.91302930668536,20.149705896207134,216,216,1,1,0,1,1,0,1,1
103.79166233751896,20.14162105865006,217,217,1,1,2015,1,1,0,1,2
104.20937894463454,20.15132286371855,218,218,1,1,2013,1,1,0,1,1
101.7453899518231,21.111801565499142,221,221,1,1,2014,1,1,0,1,1
101.41633706325013,20.833683153535738,222,222,1,1,0,1,1,0,1,1
101.86827948269065,20.09796293584185,223,223,1,1,0,1,1,0,1,1
101.52117045690687,19.687792177112875,227,227,1,1,0,1,1,0,1,1
100.86764608770991,21.24331492309424,228,228,3,1,2008,1,3,0,1,1
100.92531792895039,20.15913820669039,231,231,1,1,0,1,1,0,1,1
102.0181184720818,19.63551022757712,232,232,1,1,2014,1,1,0,1,3
102.48811702873313,19.979924307508544,235,235,1,1,2014,1,1,0,1,1
101.98443164892731,20.971664381176495,236,236,1,1,0,1,1,0,1,1
103.2928278602474,20.234866185141666,239,239,1,1,2015,1,1,0,1,1
100.80781828978756,20.805386222085975,244,244,1,1,2004,1,1,0,1,1
102.69832280521709,19.97237845912194,245,245,1,1,2013,1,1,0,1,3
101.04389554645417,20.913184056180317,248,248,1,1,0,1,1,0,1,1
103.19122840161347,20.466631528444502,250,250,1,1,0,1,1,0,1,1
102.55037027792261,20.614584055738987,251,251,1,1,0,1,1,0,1,1
101.36109067327678,20.773855355613378,252,252,1,1,2001,1,1,0,1,1
102.79938327468054,20.848774850308946,253,253,1,1,0,1,1,0,1,1
101.67855529468461,20.221930445050344,256,256,1,1,0,1,1,0,1,1
103.08747298629767,20.52403387509974,258,258,1,1,0,1,1,0,1,1
101.95748219040372,19.551697411568767,264,264,1,1,2010,1,1,0,1,1
104.77531757362983,19.814185137588492,265,265,1,1,0,1,1,0,1,1
100.71403417412549,20.855512214939843,270,270,1,1,0,1,1,0,1,1
103.37502370874434,20.267475029955204,271,271,1,1,2014,1,1,0,1,1
101.59932388662527,20.97732376746645,274,274,1,1,0,1,1,0,1,1
101.83917406748519,19.917401563733826,276,276,1,1,0,1,1,0,1,1
102.46062858103907,19.68374975833434,277,277,1,1,0,1,1,0,1,1
104.6389533135005,20.048914921328926,279,279,1,1,2015,1,1,0,1,1
104.77585656280031,20.115210589296947,280,280,1,1,2015,1,1,0,1,1
102.0941159451183,19.471927014338956,282,282,1,1,0,1,1,0,1,1
103.7490821930517,20.2313627555336,284,284,1,1,2003,1,1,0,1,1
101.87205240688395,20.4733688930754,287,287,1,1,0,1,1,0,1,1
103.09717479136616,19.903118350716326,288,288,1,1,0,1,1,0,1,1
101.83594013246235,19.559782249125846,289,289,1,1,0,1,1,0,1,1
101.41957099827296,18.997616544323847,290,290,1,1,0,1,1,0,1,1
102.4735643211304,19.75193188839901,293,293,1,1,0,1,1,0,1,1
101.18753616038488,18.18509036983774,294,294,1,1,0,1,1,0,1,1
101.3004543915987,18.829182428551437,295,295,1,1,2014,1,1,0,1,1
104.6141598116588,20.108742719251286,296,296,1,1,0,1,1,0,1,1
102.8155529497947,19.741960588745282,300,300,1,1,2006,1,1,0,1,1
100.78760619589487,20.92072990456692,310,310,1,1,0,1,1,0,1,1
102.28464861688005,20.79460643867654,311,311,1,1,0,1,1,0,1,1
100.89594301915969,19.774299938973588,313,313,1,1,0,1,1,0,1,1
101.4484069188932,21.086738569072207,314,314,1,1,2001,1,1,0,1,1
102.43691305753832,19.896650480670665,315,315,1,1,0,1,1,0,1,1
101.7580561973292,19.53606672562509,316,316,1,1,0,1,1,0,1,1
101.39558598018697,20.58952105931205,318,318,1,1,0,1,1,0,1,1
101.55350980713517,20.984600121267817,320,320,1,1,0,1,1,0,1,1
104.78232443284597,20.169917990099822,322,322,1,1,0,1,1,0,1,1
104.06034843899911,20.381201744924734,324,324,1,1,2008,1,1,0,1,1
101.64621594445632,19.506422321249147,326,326,1,1,0,1,1,0,1,1
101.3080002399853,18.98495029881776,329,329,1,1,0,1,1,0,1,1
104.14254428749605,20.1532093258152,330,330,1,1,2014,1,1,0,1,1
103.01740439413635,21.02987521158744,331,331,1,1,0,1,1,0,1,1
101.20451431925474,18.117177734358304,332,332,1,1,0,1,1,0,1,1
103.59627876322297,20.645306438455876,333,333,1,1,0,1,1,0,1,1
103.70138165146496,20.640186041336392,334,334,1,1,0,1,1,0,1,1
103.2020081850229,20.306551744814403,339,339,1,1,2015,1,1,0,1,1
103.8835599910844,20.854703731184134,340,340,1,1,0,1,1,0,1,1
101.3139291208605,20.317062033638603,344,344,1,1,2000,1,1,0,1,1
101.24844193664819,20.629136763341723,347,347,1,1,0,1,1,0,1,1
102.3533697361152,19.531754812261315,348,348,1,1,0,1,1,0,1,1
102.67460728171633,19.714202646465992,351,351,1,1,0,1,1,0,1,1
103.3453793043684,20.32299091451379,356,356,1,1,2003,1,1,0,1,1
101.018563055442,20.306282250229167,357,357,1,1,2002,1,1,0,1,1
101.64055655816635,19.81634109427038,360,360,1,1,2015,1,1,0,1,3
102.19086450121797,20.089878098284775,362,362,1,1,0,1,1,0,1,1
100.64585204406082,20.242142538943032,363,363,1,1,0,1,1,0,1,1
102.68053616259152,20.800804814136963,364,364,1,1,2014,1,1,0,1,1
103.17613670484027,19.948662935621186,366,366,1,1,0,1,1,0,1,1
103.57930060435311,20.471482430978746,367,367,1,1,0,1,1,0,1,1
102.59052497112275,20.242412033528268,380,380,1,1,0,1,1,0,1,1
101.83351468119523,19.9036573398868,386,386,1,1,0,1,1,0,1,1
100.94687749576926,20.79002503072753,390,390,1,1,0,1,1,0,1,1
101.44328652177371,19.15149795249352,392,392,1,1,0,1,1,0,1,1
104.20452804210029,20.03409271914095,394,394,1,1,0,1,1,0,1,1
100.83854067250445,20.752565283379745,397,397,1,1,2013,1,1,0,1,1
102.93413056729847,19.896111491500193,403,403,1,1,0,1,1,0,1,3
101.35893471659489,19.622035498315327,404,404,1,1,0,1,1,0,1,1
100.97813886765663,17.59462773358598,408,408,1,1,0,1,1,0,1,1
102.03213219051406,20.142968531576237,410,410,1,1,0,1,1,0,1,1
101.52413489734447,19.46842358473089,412,412,1,1,0,1,1,0,1,1
101.16409013146937,17.561749394187206,422,422,1,1,2015,1,1,0,1,2
103.9234451896993,20.40033586047648,424,424,1,1,0,1,1,0,1,1
101.03554121431186,20.8649445254231,426,426,1,1,0,1,1,0,1,1
101.42010998744342,19.20377990202928,429,429,1,1,0,1,1,0,1,1
101.52332641358876,20.733431167827998,430,430,1,1,0,1,1,0,1,1
101.8828321902934,19.795320516621985,437,437,1,1,0,1,1,0,1,1
101.32120547466187,21.043888930019705,438,438,1,1,0,1,1,0,1,1
102.56330601801393,20.368266004833416,445,445,1,1,2014,1,1,0,1,1
101.3920825505789,19.181681346039937,447,447,1,1,0,1,1,0,1,1
100.42729193543454,20.50759470540035,450,450,1,1,0,1,1,0,1,2
101.66076865205905,21.065987486009046,454,454,1,1,0,1,1,0,1,1
101.49853291174706,20.260198676153834,455,455,1,1,0,1,1,0,1,1
103.69167984639647,20.635604633387384,458,458,1,1,0,1,1,0,1,1
100.87492244151129,20.709715644327243,459,459,1,1,0,1,1,0,1,1
101.21017370554469,20.673064380735166,460,460,1,1,0,1,1,0,1,1
101.48990908501952,20.720764922321916,464,464,1,1,0,1,1,0,1,1
101.3769908538057,18.50632791543888,465,465,1,1,2015,1,1,0,1,1
101.87852027692962,19.847871960742975,466,466,1,1,0,1,1,0,1,1
100.59626504037742,19.59858946939981,469,469,1,1,0,1,1,0,1,1
102.17577280444478,19.601284415252167,470,470,1,1,2014,1,1,0,1,2
101.67208742463896,18.941022681424318,473,473,1,1,0,1,1,0,1,1
102.00194879696764,19.67404795326585,475,475,1,1,2013,1,1,0,1,1
102.22023941100869,20.135422683189635,476,476,1,1,2012,1,1,0,1,2
103.61649085711566,20.677915283269414,478,478,1,1,0,1,1,0,1,1
104.69393020888862,19.987200661309913,479,479,1,1,2015,1,1,0,1,1
103.10229518848564,20.017653549441565,485,485,1,1,0,1,1,0,1,1
103.89299230156765,20.481992719802946,486,486,1,1,0,1,1,0,1,1
101.48963959043428,18.588523763935818,487,487,1,1,2015,1,1,0,1,1
103.2049726254605,20.52834578846351,488,488,1,1,2006,1,1,0,1,1
104.05361107436822,20.570117449175072,490,490,1,1,0,1,1,0,1,3
100.65339789244742,20.25939019239813,491,491,1,1,0,1,1,0,1,1
101.33710565519078,20.751756799624037,494,494,1,1,0,1,1,0,1,1
101.30880872374102,19.112421237634322,499,499,1,1,0,1,1,0,1,1
102.60642515165166,20.90833315364607,500,500,1,1,0,1,1,0,1,1
104.1271830961376,20.233518712215485,504,504,1,1,0,1,1,0,1,1
102.41346702862279,19.637666184259007,505,505,1,1,0,1,1,0,1,1
101.50041937384371,19.713394162710284,507,507,1,1,0,1,1,0,1,1
101.47616486117249,18.869876110922053,509,509,1,1,0,1,1,0,1,1
103.86119194050981,20.732622684072293,510,510,1,1,2015,1,1,0,1,1
100.80862677354327,20.91372304535079,511,511,1,1,0,1,1,0,1,1
101.26892352512611,18.617898673726526,513,513,1,1,0,1,1,0,1,1
104.2465691973971,20.364223586054877,514,514,1,1,2000,1,1,0,1,1
100.65339789244742,20.562032611617994,517,517,1,1,0,1,1,0,1,1
102.29084699234048,20.876802287173476,521,521,1,1,2008,1,1,0,1,1
100.25050348751981,20.435100661971905,524,524,1,1,0,1,1,0,1,1
100.9223534885128,20.759302648010642,526,526,1,1,0,1,1,0,1,1
101.42846431958574,20.859554633718382,529,529,1,1,0,1,1,0,1,1
104.82167064229041,19.98154127501996,537,537,1,1,0,1,1,0,1,1
101.62465637763744,18.679073944575066,539,539,1,1,0,1,1,0,1,1
101.37375691878286,18.16622574887123,542,542,1,1,0,1,1,0,1,1
103.76201793314301,20.257773224886712,544,544,1,1,0,1,1,0,1,1
103.28231757142319,19.98342773711661,552,552,1,1,0,1,1,0,1,1
100.94660800118403,20.574429362538844,556,556,1,1,2015,1,1,0,1,2
102.80773760682285,20.663093081081442,560,560,1,1,2014,1,1,0,1,1
101.7294897712942,19.384071779552066,561,561,1,1,2015,1,1,0,1,1
100.87114951731799,21.073802828980888,564,564,1,1,0,1,1,0,1,1
102.11001612564722,19.937613657626514,565,565,1,1,0,1,1,0,1,1
104.59475620152182,20.271247954148507,567,567,1,1,2015,1,1,0,1,1
100.75257189981421,20.386322142044218,573,573,1,1,0,1,1,0,1,1
100.57416648438807,20.640725030506864,574,574,1,1,0,1,1,0,1,1
102.39594988058246,20.300622863939214,575,575,1,1,0,1,1,0,1,1
102.23964302114567,19.81310715924755,579,579,1,1,0,1,1,0,1,1
103.97599663382029,20.56823098707842,580,580,1,1,0,1,1,0,1,1
102.44472840051016,20.7296582436347,582,582,1,1,2013,1,1,0,1,1
101.47077496946777,21.18267864141617,583,583,1,1,0,1,1,0,1,1
101.52143995149211,20.847966366553237,584,584,1,1,0,1,1,0,1,1
104.54328273574177,20.131380264411096,589,589,1,1,2015,1,1,0,1,1
103.47716215654872,20.255886762790063,590,590,1,1,0,1,1,0,1,1
102.57893670395761,20.70351726886682,598,598,1,1,0,1,1,0,1,1
102.08279717253839,20.334309687093697,599,599,1,1,2015,1,1,0,1,1
101.30449681037724,18.86691167048446,606,606,1,1,0,1,1,0,1,1
104.20048562332175,20.52133892924738,607,607,1,1,2004,1,1,0,1,1
103.19392334746584,20.176385860145484,611,611,1,1,2014,1,1,0,1,1
101.33009879597465,18.66775517199516,613,613,1,1,0,1,1,0,1,1
101.57210493351646,20.066432069369256,615,615,1,1,0,1,1,0,1,1
101.1891531278963,20.733431167827998,617,617,1,1,0,1,1,0,1,1
101.20963471637423,18.517377193433553,619,619,1,1,0,1,1,0,1,1
101.96907045756886,20.59760589686913,622,622,1,1,2001,1,1,0,1,1
101.0862061963362,20.352635318889735,624,624,1,1,2015,1,1,0,1,1
104.23794537066954,20.176116365560247,629,629,1,1,2000,1,1,0,1,1
101.51281612476456,19.611255714905894,630,630,1,1,2015,1,1,0,1,1
101.35516179240159,18.920541092946394,631,631,1,1,0,1,1,0,1,1
101.57911179273258,18.63137340298832,634,634,1,1,0,1,1,0,1,1
103.15134320299858,20.37230842361195,636,636,1,1,0,1,1,0,1,1
100.71672911997784,20.241334055187327,638,638,1,1,2015,1,1,0,1,2
103.3499607123174,20.683574669559366,643,643,1,1,2004,1,1,0,1,1
103.54561378119863,20.467979001370683,645,645,1,1,0,1,1,0,1,1
101.56940998766409,20.6334486767055,647,647,1,1,0,1,1,0,1,1
100.72265800085303,20.763075572203945,648,648,1,1,0,1,1,0,1,1
100.27394951643532,20.48819109526337,650,650,1,1,2002,1,1,0,1,1
101.20208886798763,20.707829182230594,654,654,1,1,0,1,1,0,1,1
102.62448128886247,20.623746871637007,658,658,1,1,2014,1,1,0,1,1
101.49098706336046,19.26414668912211,659,659,1,1,2010,1,1,0,1,1
100.43564626757684,20.438334596994736,662,662,1,1,0,1,1,0,1,1
104.02208020789563,19.915784596222412,663,663,1,1,2015,1,1,0,1,1
101.58315421151111,20.17988928975355,667,667,1,1,0,1,1,0,1,1
100.65043345200982,20.32891979538898,668,668,1,1,0,1,1,0,1,1
102.40565168565095,19.72201798943783,671,671,1,1,0,1,1,0,1,1
103.3545421202664,20.202796329498597,674,674,1,1,0,1,1,0,1,1
102.27683327390821,20.630484236267904,675,675,1,1,0,1,1,0,1,1
102.25662118001553,19.457913295906692,677,677,1,1,0,1,1,0,1,1
101.42280493329578,19.782115281945426,678,678,1,1,0,1,1,0,1,2
103.2289576435465,20.83745607772904,679,679,1,1,0,1,1,0,1,1
101.9949419377515,20.962232070693243,687,687,1,1,0,1,1,0,1,1
103.40601558604645,20.73801257577701,690,690,1,1,0,1,1,0,1,1
100.64612153864604,19.63416275465094,693,693,1,1,0,1,1,0,1,1
103.7558195576826,20.15455679874138,699,699,1,1,0,1,1,0,1,1
104.33253797008733,20.007143260617365,701,701,4,1,2005,1,4,0,1,1
104.3939827355211,20.124912394365435,706,706,1,1,0,1,1,0,1,1
102.28060619810152,19.65653080522552,707,707,1,1,2006,1,1,0,1,1
104.40341504600435,19.91255066119958,709,709,1,1,2010,1,1,0,1,1
101.73245421173179,19.07819542530937,710,710,1,1,0,1,1,0,1,1
102.66113255245455,20.010916184810668,715,715,1,1,0,1,1,0,1,1
102.60938959208926,20.325955354951386,717,717,1,1,0,1,1,0,1,1
100.37959139384779,20.771429904346256,718,718,1,1,0,1,1,0,1,1
103.70461558648778,20.52834578846351,722,722,1,1,0,1,1,0,1,1
100.84608652089105,21.296405356385705,727,727,1,1,0,1,1,0,1,1
101.21745005934606,18.31795120035902,730,730,1,1,0,1,1,0,1,1
102.16175908601251,19.83520571523689,732,732,1,1,2002,1,1,0,1,1
104.7284255157988,20.17908080599784,737,737,1,1,2015,1,1,0,1,1
100.62267550973053,20.781401203999984,738,738,1,1,0,1,1,0,1,1
101.694994464384,18.77501401691903,740,740,1,1,0,1,1,0,1,1
102.15367424845543,20.264241094932373,741,741,1,1,2001,1,1,0,1,1
101.72706432002707,19.83843965025972,742,742,1,1,2014,1,1,0,1,1
100.73882767596719,20.508672683741295,743,743,1,1,0,1,1,0,1,1
101.6265428397341,21.028797233246497,744,744,1,1,0,1,1,0,1,1
100.72265800085303,19.941656076405053,746,746,1,1,0,1,1,0,1,1
103.31277045955484,20.624016366222243,751,751,1,1,0,1,1,0,1,1
101.06276016742068,20.83556961563239,755,755,1,1,0,1,1,0,1,1
102.28545710063577,20.688695066678847,758,758,1,1,2002,1,1,0,1,1
101.21125168388564,20.687617088337905,762,762,1,1,0,1,1,0,1,1
101.67451287590607,18.64242268098299,763,763,1,1,0,1,1,0,1,1
103.13247858203206,20.13245824275204,766,766,1,1,0,1,1,0,1,1
102.91796089218431,20.99942232345579,767,767,1,1,0,1,1,0,1,1
102.42370782286176,20.333231708752752,768,768,1,1,0,1,1,0,1,1
104.01022244614525,20.261007159909543,770,770,1,1,0,1,1,0,1,1
103.1508042138281,20.39386799043082,772,772,1,1,0,1,1,0,1,1
100.67307099716963,20.992684958824892,774,774,1,1,0,1,1,0,1,1
102.24152948324232,20.677915283269414,775,775,1,1,2013,1,1,0,1,1
101.03149879553332,17.637477372638482,776,776,1,1,0,1,1,0,1,1
103.95147262656383,20.481184236047238,778,778,1,1,0,1,1,0,1,1
101.14684247801426,20.82182539178536,780,780,1,1,0,1,1,0,1,1
100.37608796423972,20.563380084544175,784,784,1,1,0,1,1,0,1,1
102.423977317447,20.806733695012152,788,788,1,1,0,1,1,0,1,1
102.00760818325759,20.10200535462039,789,789,1,1,2009,1,1,0,1,2
101.6588821899624,19.72983333240967,790,790,1,1,0,1,1,0,1,1
102.67002587376733,20.73208369490182,791,791,1,1,0,1,1,0,1,1
102.71233652364936,19.952974848984958,793,793,1,1,2009,1,1,0,1,1
103.79678273463844,20.256425751960535,794,794,1,1,0,1,1,0,1,1
104.55433201373644,19.93680517387081,795,795,1,1,0,1,1,0,1,1
104.85508797085966,20.113054632615057,799,799,1,1,2015,1,1,0,1,1
101.38830962638559,18.964738204925073,800,800,1,1,0,1,1,0,1,1
104.30316306029663,20.45046185333035,801,801,1,1,0,1,1,0,1,1
102.15825565640444,19.914167628710995,804,804,1,1,0,1,1,0,1,1
104.31205638160941,20.55799019283946,806,806,1,1,0,1,1,0,1,1
102.58809951985563,20.6334486767055,807,807,1,1,0,1,1,0,1,1
101.16678507732172,20.013072141492554,809,809,1,1,2003,1,1,0,1,1
101.31985800173568,19.27654344004296,810,810,1,1,0,1,1,0,1,1
101.7348796629989,20.037865643334253,811,811,1,1,0,1,1,0,1,1
101.01802406627154,20.5199914563212,813,813,1,1,0,1,1,0,1,1
104.63760584057432,20.217349037101336,814,814,1,1,0,1,1,0,1,1
102.27764175766393,20.48172322521771,821,821,1,1,0,1,1,0,1,1
104.65269753734752,20.228398315096005,822,822,1,1,0,1,1,0,1,1
104.65431450485895,19.9607901919568,824,824,1,1,0,1,1,0,1,1
100.85282388552194,20.24699344147728,826,826,1,1,0,1,1,0,1,1
100.85444085303337,21.152495247869755,827,827,1,1,2001,1,1,0,1,1
101.78392767751184,19.16901510053385,828,828,1,1,0,1,1,0,1,1
103.11873435818504,19.979385318338075,830,830,1,1,0,1,1,0,1,1
101.75104933811306,18.91110878246314,832,832,1,1,0,1,1,0,1,1
101.58665764111919,20.743402467481726,833,833,1,1,2014,1,1,0,1,2
104.1692242514344,20.26262412742096,834,834,1,1,0,1,1,0,1,1
104.85077605749588,19.95944271903062,835,835,1,1,0,1,1,0,1,1
101.1290558353887,20.375272864049546,840,840,1,1,2009,1,1,0,1,1
101.98092821931924,20.699205355503047,843,843,1,1,2010,1,1,0,1,3
101.81842298442203,19.218332609632014,844,844,1,1,2006,1,1,0,1,1
100.50301991388581,19.708273765590803,845,845,1,1,0,1,1,0,1,1
103.5747191964041,20.640455535921628,850,850,1,1,0,1,1,0,1,1
102.41185006111138,20.761728099277764,855,855,1,1,0,1,1,0,1,1
101.11207767651884,19.98666167213944,857,857,1,1,2000,1,1,0,1,1
103.03626901510286,19.936266184700337,858,858,1,1,0,1,1,0,1,1
100.71888507665973,20.7124105901796,859,859,1,1,0,1,1,0,1,1
101.84618092670132,19.64143910845231,863,863,1,1,0,1,1,0,1,1
101.91085962715792,19.701805895545142,865,865,1,1,0,1,1,0,1,1
102.02243038544556,19.711777195198867,867,867,1,1,0,1,1,0,1,1
101.2492504204039,18.40904037016874,868,868,1,1,0,1,1,0,1,1
104.0654688361186,20.934743622999186,870,870,1,1,0,1,1,0,1,1
101.40097587189169,19.96402412697963,871,871,1,1,0,1,1,0,1,1
102.6134320108678,20.289034596774073,872,872,1,1,2007,1,1,0,1,2
103.62376721091702,20.462589109665963,874,874,1,1,2015,1,1,0,1,1
101.53734013202103,20.466362033859266,879,879,1,1,0,1,1,0,1,1
101.39396901267556,21.16273604210872,880,880,1,1,0,1,1,0,1,1
103.53537298695967,20.633179182120262,881,881,1,1,2015,1,1,0,1,1
100.57901738692232,20.995918893847723,882,882,1,1,0,1,1,0,1,1
102.67406829254587,20.532118712656814,885,885,1,1,2014,1,1,0,1,1
102.66194103621025,20.700013839258755,886,886,1,1,0,1,1,0,1,1
103.20066071209673,20.137309145286284,890,890,1,1,0,1,1,0,1,1
101.60740872418235,20.683844164144602,897,897,1,1,0,1,1,0,1,1
101.15546630474182,19.62122701455962,901,901,1,1,2006,1,1,0,1,1
100.47714843370316,20.225164380073174,904,904,1,1,0,1,1,0,1,1
100.8013504197419,20.47013495805257,905,905,1,1,0,1,1,0,1,1
101.78716161253466,18.73755426957125,907,907,1,1,0,1,1,0,1,1
100.91804157514903,20.809967630034983,909,909,1,1,0,1,1,0,1,1
101.48182424746244,19.310769252367912,910,910,1,1,0,1,1,0,1,1
101.86315908557117,20.795414922432247,912,912,1,1,2015,1,1,0,1,2
101.56186413927749,19.477316906043672,913,913,1,1,0,1,1,0,1,1
101.68125024053697,20.048375932158454,914,914,1,1,0,1,1,0,1,1
100.71376467954025,20.757416185913993,915,915,1,1,0,1,1,0,1,1
100.5774004194109,20.80026582496649,916,916,1,1,0,1,1,0,1,1
101.3605516841063,18.619246146652706,920,920,1,1,2015,1,1,0,1,1
102.27306034971491,20.321373947002375,924,924,1,1,2015,1,1,0,1,1
102.10947713647676,20.39656293628318,927,927,3,1,2004,1,1,0,1,1
100.42567496792311,20.7439414566522,930,930,1,1,0,1,1,0,1,1
104.19590421537275,20.56149362244752,933,933,1,1,0,1,1,0,1,1
101.4273863412448,19.10864831344102,935,935,1,1,0,1,1,0,1,1
101.1417220808948,20.867100482104984,938,938,1,1,0,1,1,0,1,1
104.44060529876691,19.933032249677506,939,939,1,1,2015,1,1,0,1,3
102.10516522311298,19.58996564267226,940,940,1,1,0,1,1,0,1,1
103.17990962903357,19.998788928475054,941,941,1,1,0,1,1,0,1,1
100.6013854374969,20.62105192578465,945,945,1,1,0,1,1,0,1,1
104.25034212159039,20.362876113128696,947,947,1,1,0,1,1,0,1,1
101.7378441034365,19.814185137588492,950,950,1,1,0,1,1,0,1,1
101.56186413927749,21.141445969875086,953,953,1,1,0,1,1,0,1,1
104.44842064173875,20.526998315537334,954,954,1,1,0,1,1,0,1,1
102.5802841768838,20.142699036991,955,955,1,1,2014,1,1,0,1,1
101.74970186518688,20.78463513902281,956,956,1,1,2013,1,1,0,1,1
104.02369717540704,20.325955354951386,959,959,1,1,0,1,1,0,1,1
101.013981647493,21.377792721126934,960,960,1,1,0,1,1,0,1,1
102.24314645075373,20.202796329498597,963,963,1,1,2015,1,1,0,1,1
100.9652031275653,19.730102826994905,966,966,1,1,0,1,1,0,1,1
103.1696688347946,20.054843802204115,968,968,1,1,0,1,1,0,1,1
101.99925385111528,19.834127736895947,973,973,1,1,0,1,1,0,1,1
104.0767876086985,20.281488748387467,974,974,1,1,2013,1,1,0,1,1
103.48901991829909,20.130302286070155,975,975,1,1,0,1,1,0,1,1
102.65385619865317,20.401683333402662,976,976,1,1,0,1,1,0,1,1
101.25140637708579,18.345709142638313,980,980,1,1,0,1,1,0,1,1
100.8442000587944,21.110184597987725,981,981,1,1,2004,1,1,0,1,1
102.13588760582986,20.821286402614888,984,984,1,1,2003,1,1,0,1,1
101.72329139583377,21.03984651124117,985,985,1,1,2015,1,1,0,1,2
104.6502720860804,20.15590427166756,986,986,1,1,0,1,1,0,1,1
102.55495168587161,19.27654344004296,987,987,1,1,0,1,1,0,1,1
102.32695926676209,19.513698675050513,989,989,1,1,0,1,1,0,1,1
101.37240944585668,20.394137485016056,993,993,1,1,2005,1,1,0,1,1
101.36755854332243,19.28947918013428,994,994,1,1,2011,1,1,0,1,1
103.74018887173892,20.718878460225262,997,997,1,1,0,1,1,0,1,1
101.94751089075,20.770621420590548,35,35,1,1,2015,1,1,0,2,3
101.64864139572343,19.026452464944086,165,165,1,1,2005,1,1,0,2,2
101.11073020359267,19.68887015545382,185,185,1,1,2014,1,1,0,2,2
101.51874500563976,19.189766183597015,189,189,1,1,2005,1,1,0,2,1
101.09995042018323,20.501126835354693,192,192,1,1,2015,1,1,0,2,1
104.47617858401804,20.02789434368053,336,336,1,1,2010,1,1,0,2,3
104.2233926630668,20.586556618874457,349,349,1,1,0,1,1,0,2,1
101.04200908435752,20.563919073714647,401,401,1,1,2005,1,1,0,2,1
102.0264728042241,21.087547052827915,457,457,1,1,2015,1,1,0,2,2
101.10722677398459,18.376701019940434,551,551,1,1,2006,1,1,0,2,1
101.67343489756513,20.655008243524364,597,597,1,1,2013,1,1,0,2,1
104.67048417997309,19.851914379521514,672,672,1,1,2010,1,1,0,2,3
101.62896829100121,20.77304687185767,842,842,1,1,0,1,1,0,2,1
101.45999518605834,19.66219019151547,876,876,3,1,2006,1,3,0,2,1
103.03626901510286,20.93689957968107,929,929,1,1,0,1,1,0,2,1
101.66858399503089,20.122486943098313,952,952,1,1,0,1,1,0,2,1
104.01830728370231,19.930606798410384,159,159,1,1,2009,1,1,0,3,4
102.82309879818129,20.871681890053996,387,387,1,1,0,1,1,0,3,4
103.02818417754578,20.44210752118804,432,432,1,1,2010,1,1,0,3,5
102.3067471728694,19.574604451313817,649,649,1,1,2014,1,1,0,3,5
101.5836932006816,20.286878640092187,925,925,1,1,2015,1,1,0,3,4
104.57077118343582,20.02978080577718,145,145,1,1,2000,1,1,0,4,1
102.41104157735568,19.758669253029908,389,389,1,1,2007,1,1,0,4,1
101.66022966288858,20.91048911032796,419,419,1,1,2015,1,1,0,4,1
102.77836269703215,20.30358730437681,433,433,1,1,0,1,1,0,4,1
101.9731128763474,20.8115845975464,440,440,4,1,2015,1,1,0,4,3
101.7370356196808,20.577393802976438,506,506,1,1,0,1,1,0,4,2
101.79632442843268,19.08924470330404,508,508,1,1,2013,1,1,0,4,1
103.03977244471092,20.350209867622613,609,609,1,1,2006,1,1,0,4,1
101.62869879641597,20.094998495404255,698,698,1,1,2005,1,1,0,4,1
100.77467045580354,21.170281890495325,734,734,1,1,2004,1,1,0,4,1
102.01192009662137,19.76756257434269,847,847,1,1,2014,1,1,0,4,1
100.97247948136668,19.920635498756656,926,926,1,1,2001,1,1,0,4,1
104.27756107469921,19.917671058319062,990,990,1,1,2014,1,1,0,4,2
104.29588670649525,20.72750228695281,28,28,1,1,0,1,1,0,5,5
104.4834549378194,19.89368604023307,96,96,1,1,2015,1,1,0,5,5
101.35570078157205,17.803755531729003,101,101,1,1,0,1,1,0,5,5
101.73056774963513,20.43105824319337,121,121,1,1,2001,1,1,0,5,5
102.39810583726435,20.4094986763745,136,136,4,1,2014,1,1,0,5,4
104.32364464877455,20.725346330270924,164,164,1,1,2015,1,1,0,5,5
101.96907045756886,20.800804814136963,169,169,1,1,2003,1,1,0,5,5
103.92991305974496,20.884078640974842,237,237,1,1,2004,1,1,0,5,5
102.46763544025521,19.702344884715615,261,261,1,1,0,1,1,0,5,5
101.7580561973292,19.200545967006448,263,263,3,1,2010,1,1,0,5,5
100.51514717022143,20.307899217740584,286,286,1,1,0,1,1,0,5,5
102.61936089174299,19.831163296458353,291,291,1,1,2014,1,1,0,5,5
102.25985511503836,19.53552773645462,301,301,4,1,2010,1,1,0,5,5
104.58909681523187,19.857573765811466,355,355,1,1,2010,1,1,0,5,5
103.89460926907906,20.139734596553406,395,395,1,1,0,1,1,0,5,5
102.05396125191817,19.969414018684347,399,399,1,1,2008,1,1,0,5,5
101.79713291218839,21.029066727831733,409,409,1,1,0,1,1,0,5,5
101.69095204560546,19.20216293451786,436,436,1,1,0,1,1,0,5,5
101.51874500563976,20.20899470495902,441,441,1,1,2015,1,1,0,5,5
103.57660565850075,20.04217755669803,448,448,1,1,2014,1,1,0,5,5
102.9839870655671,20.158060228349445,548,548,1,1,0,1,1,0,5,5
102.38786504302539,20.41866149227252,572,572,1,1,0,1,1,0,5,5
101.23820114240922,18.16110535175175,595,595,1,1,0,1,1,0,5,5
102.50859861721105,19.33044235709013,608,608,1,1,0,1,1,0,5,5
100.95038092537733,20.96681347864225,700,700,1,1,2015,1,1,0,5,5
102.24799735328799,20.071821961073972,750,750,1,1,2003,1,1,0,5,4
102.4827271370284,19.482976292333625,764,764,1,1,0,1,1,0,5,4
101.56024717176608,19.122662031873286,820,820,1,1,2015,1,1,0,5,5
102.5239598085695,20.760919615522056,856,856,1,1,0,1,1,0,5,5
101.70793020447532,19.259834775758335,866,866,1,1,0,1,1,0,5,5
102.47572027781227,20.464745066347852,908,908,1,1,0,1,1,0,5,5
104.26246937792601,20.8972838756514,995,995,1,1,0,1,1,0,5,5
100.74664301893903,19.935727195529864,34,34,1,1,0,1,1,2005,1,1
101.36594157581102,20.810506619205455,42,42,1,1,0,1,1,2005,1,1
101.12124049241686,20.1532093258152,57,57,1,1,0,1,1,2005,1,1
104.94132623813513,20.11952250266072,73,73,1,1,0,1,1,2005,1,1
102.49593237170497,19.69668549842566,130,130,1,1,2014,1,1,2005,1,1
104.11074392643822,20.251574849426287,140,140,3,1,2004,1,1,2005,1,1
100.49978597886297,20.185279181458267,160,160,1,1,0,1,1,2005,1,1
101.37079247834527,20.74124651079984,163,163,1,1,2004,1,1,2005,1,1
102.61639645130539,20.434561672801436,241,241,1,1,0,1,1,2005,1,1
103.21683038721088,20.547210409430022,319,319,1,1,0,1,1,2005,1,1
101.76587154030103,21.0678739481057,365,365,1,1,0,1,1,2005,1,1
104.68126396338252,20.001214379742176,378,378,1,1,2015,1,1,2005,1,1
101.93026323729491,20.65339127601295,391,391,1,1,0,1,1,2005,1,1
101.33845312811697,18.902215461150355,398,398,1,1,0,1,1,2005,1,1
101.75751720815872,19.17440499223857,534,534,1,1,0,1,1,2005,1,1
104.37538760913984,20.58116672716974,558,558,1,1,2015,1,1,2005,1,1
101.2214924781246,20.754990734646867,559,559,1,1,2004,1,1,2005,1,1
101.48667514999669,20.158868712105154,588,588,1,1,0,1,1,2005,1,1
100.85929175556761,20.542090012310542,625,625,1,1,0,1,1,2005,1,1
102.03267117968453,20.30089235852445,684,684,1,1,0,1,1,2005,1,1
103.17398074815839,20.82452033763772,969,969,1,1,0,1,1,2005,1,1
104.57238815094725,20.06158116683501,887,887,1,1,2015,1,1,2005,2,1
101.64729392279726,20.492503008627143,898,898,1,1,2005,1,1,2005,2,1
102.77944067537308,19.687792177112875,129,129,1,1,2006,1,1,2005,4,1
100.71160872285836,21.203699219064568,204,204,3,1,2015,1,1,2005,4,1
102.6029217220436,20.686269615411724,482,482,1,1,0,1,1,2005,4,1
101.1538493372304,17.648257156047915,705,705,1,1,2009,1,1,2005,4,1
101.73514915758415,20.503552286621815,714,714,1,1,2005,1,1,2005,4,2
104.44249176086356,20.235405174312138,194,194,1,1,2010,1,1,2005,5,5
102.67299031420492,20.91614849661791,210,210,1,1,2011,1,1,2005,5,5
104.26570331294883,20.781131709414748,816,816,1,1,2013,1,1,2005,5,5
104.75348851222573,20.11170715968888,884,884,1,1,2015,1,1,2005,5,5
102.53312262446751,20.291999037211667,124,124,1,1,2014,1,1,2006,1,2
101.58881359780108,19.964832610735336,142,142,1,1,0,1,1,2006,1,1
104.65350602110324,20.228398315096005,168,168,1,1,2015,1,1,2006,1,1
102.57112136098577,19.423148494411265,381,381,1,1,0,1,1,2006,1,1
101.49260403087187,18.374006074088076,402,402,1,1,0,1,1,2006,1,1
101.93484464524391,19.501032429544427,406,406,1,1,0,1,1,2006,1,1
100.44427009430439,19.70045842261896,602,602,1,1,2015,1,1,2006,1,1
101.07165348873346,20.229745788022186,726,726,1,1,0,1,1,2006,1,2
101.71493706369145,18.9318598655263,841,841,1,1,0,1,1,2006,1,1
100.89324807330733,20.922616366663572,861,861,1,1,2001,1,1,2006,1,1
101.95263128786948,20.432405716119547,949,949,1,1,0,1,1,2006,1,1
104.31582930580271,19.95432232191114,988,988,1,1,2013,1,1,2006,1,1
103.76471287899538,20.614045066568515,998,998,1,1,0,1,1,2006,1,1
101.06841955371064,20.05241835093699,146,146,1,1,2006,1,1,2006,2,1
100.62806540143525,19.63820517342948,219,219,1,1,2015,1,1,2006,2,3
104.04660421515209,20.085835679506236,492,492,1,1,2014,1,1,2006,2,1
100.75499735108133,19.9750734049743,651,651,1,1,2006,1,1,2006,2,1
102.70910258862654,20.579010770487855,716,716,1,1,2007,1,1,2006,2,1
102.46224554855048,20.61512304490946,725,725,1,1,0,1,1,2006,2,1
102.91769139759909,20.091225571210956,757,757,3,1,2007,1,3,2006,2,1
103.87843959396491,20.70405625803729,802,802,1,1,0,1,1,2006,2,1
101.31365962627527,18.112057337238824,906,906,1,1,2006,1,1,2006,2,1
102.38247515132068,20.613506077398043,918,918,1,1,2014,1,1,2006,2,1
100.65636233288501,21.033378641195508,117,117,1,1,2014,1,1,2006,4,1
101.41930150368772,20.720225933151443,196,196,1,1,0,1,1,2007,1,1
101.95532623372183,19.339874667573387,225,225,1,1,2014,1,1,2007,1,1
104.55675746500356,19.660573224004054,247,247,1,1,0,1,1,2007,1,1
101.68637063765645,20.285531167166006,370,370,1,1,2015,1,1,2007,1,1
101.40744374193734,17.790011307881976,765,765,1,1,0,1,1,2007,1,1
102.02216089086033,19.584036761797073,853,853,1,1,0,1,1,2007,1,1
101.8979238870666,19.860807700834297,238,238,3,1,2008,1,3,2007,2,2
101.67612984341748,20.115210589296947,686,686,1,1,0,1,1,2007,2,1
100.8358457266521,19.96995300785482,825,825,1,1,2001,1,1,2007,2,1
104.08918435961935,20.043794524209442,838,838,1,1,0,1,1,2007,2,1
101.8701659447873,19.335293259624375,851,851,1,1,0,1,1,2007,2,2
102.9726682929872,20.780053731073803,983,983,1,1,2014,1,1,2007,2,1
101.64298200943348,21.11719145720386,456,456,1,1,2007,1,1,2007,3,5
104.41688977526616,20.674681348246583,103,103,1,1,2000,1,1,2007,5,5
104.91680223087866,20.07263044482968,917,917,4,1,2015,1,1,2007,5,5
101.78770060170514,19.857573765811466,155,155,1,1,0,1,1,2008,1,2
101.65672623328051,21.189146511461832,158,158,1,1,0,1,1,2008,1,1
103.69841721102736,20.3599116726911,203,203,1,1,0,1,1,2008,1,1
103.7851944674733,20.303317809791572,285,285,1,1,0,1,1,2008,1,1
101.75428327313588,20.244029001039685,342,342,1,1,0,1,1,2008,1,1
101.77880728039236,20.054843802204115,361,361,1,1,2015,1,1,2008,1,1
103.1688603510389,20.12518188895067,502,502,1,1,0,1,1,2008,1,1
103.92155872760264,20.63695210631356,553,553,1,1,2015,1,1,2008,1,1
104.3969471759587,20.093920517063314,621,621,1,1,0,1,1,2008,1,1
101.86720150434971,19.31481167114645,723,723,1,1,0,1,1,2008,1,1
103.02144681291489,20.383088207021387,823,823,1,1,0,1,1,2008,1,1
100.9689760517586,21.00669867725716,991,991,1,1,2007,1,1,2008,1,1
100.90510583505771,20.688695066678847,67,67,1,1,2008,1,1,2008,2,1
102.43960800339067,20.69246799087215,312,312,1,1,2014,1,1,2008,2,1
102.35013580109236,20.71833947105479,335,335,1,1,2008,1,1,2008,2,1
101.75859518649966,19.236388746842817,359,359,3,1,2010,1,1,2008,2,1
100.56203922805246,20.66848297278616,501,501,1,1,0,1,1,2008,2,1
100.91265168344431,20.00552629310595,632,632,1,1,2008,1,1,2008,2,1
101.41283363364207,20.266666546199495,653,653,1,1,0,1,1,2008,2,2
103.00527713780073,20.259659686983365,656,656,1,1,0,1,1,2008,2,1
101.36459410288484,19.34742051595999,267,267,3,1,2007,1,3,2008,3,5
103.77333670572293,20.433214199875255,527,527,1,1,2015,1,1,2008,3,4
102.98237009805568,20.458546690887427,425,425,1,1,2014,1,1,2008,4,2
101.11800655739403,17.570912210085226,46,46,1,1,2015,1,1,2008,5,4
101.22796034817026,19.455757339224803,431,431,1,1,2011,1,1,2008,5,5
103.97357118255317,19.899345426523023,23,23,1,1,2003,1,1,2009,1,1
104.04983815017492,19.95863423527491,99,99,1,1,0,1,1,2009,1,1
103.25563760748484,20.25211383859676,178,178,1,1,2002,1,1,2009,1,1
100.8795038494603,20.218696510027513,266,266,1,1,0,1,1,2009,1,1
104.1624868868035,19.9893566179918,383,383,1,1,2003,1,1,2009,1,1
103.37448471957386,20.5590681711804,516,516,1,1,2010,1,1,2009,1,1
100.35587587034703,20.441029542847094,540,540,1,1,2015,1,1,2009,1,1
103.15484663260663,20.09203405496666,557,557,1,1,0,1,1,2009,1,1
100.65744031122595,19.989626112577035,728,728,1,1,0,1,1,2009,1,1
100.9937695536003,20.9506438035281,748,748,1,1,0,1,1,2009,1,1
103.13544302246966,20.764962034300595,761,761,1,1,0,1,1,2009,1,1
104.09726919717643,20.9611540923523,849,849,1,1,2009,1,1,2009,1,1
101.80629572808641,19.89045210521024,862,862,1,1,2015,1,1,2009,1,1
100.67980836180053,20.574429362538844,889,889,1,1,0,1,1,2009,1,1
102.39810583726435,20.149705896207134,903,903,1,1,0,1,1,2009,1,1
103.2680343584057,20.15913820669039,944,944,1,1,2002,1,1,2009,1,2
101.07785186419389,20.21627105876039,992,992,1,1,0,1,1,2009,1,1
102.1579861618192,19.63928315177042,268,268,1,1,0,1,1,2009,2,1
101.79740240677363,20.128146329388265,423,423,1,1,2009,1,1,2009,2,2
100.83881016708969,20.844462936945174,439,439,1,1,2015,1,1,2009,2,1
101.53087226197536,21.08727755824268,468,468,1,1,2015,1,1,2009,2,1
104.33388544301351,20.00956871188449,596,596,1,1,2015,1,1,2009,2,3
102.10732117979487,21.036073587047866,605,605,1,1,2008,1,1,2009,2,1
101.48263273121815,20.679532250780827,745,745,1,1,2015,1,1,2009,2,2
101.5055397709632,19.705039830567973,919,919,1,1,0,1,1,2009,2,1
101.9512838149433,19.396738025058152,979,979,1,1,0,1,1,2009,2,3
102.62178634301011,20.249688387329638,601,601,1,1,2012,1,1,2009,3,5
104.24953363783469,19.944081527672175,683,683,1,1,2015,1,1,2009,3,4
104.31987172458125,19.735762213284858,16,16,3,1,2011,1,1,2009,4,1
102.90825908711582,20.424051383977236,467,467,1,1,2009,1,1,2009,5,5
101.17972081741304,20.285531167166006,477,477,1,1,0,1,1,2009,5,5
101.94481594489764,21.063292540156688,75,75,1,1,0,1,1,2010,1,1
102.04991883313963,20.07640336902298,269,269,3,1,0,1,3,2010,1,1
103.1764061994255,20.88704308141244,337,337,1,1,2014,1,1,2010,1,1
100.96843706258814,19.84409903654967,434,434,1,1,0,1,1,2010,1,1
104.13742389037657,20.640455535921628,481,481,1,1,2015,1,1,2010,1,1
104.06492984694812,20.671447413223753,522,522,1,1,0,1,1,2010,1,1
101.9370006019258,19.64655950557179,532,532,1,1,0,1,1,2010,1,1
103.89137533405624,20.572273405856958,538,538,1,1,2015,1,1,2010,1,2
100.54829500420543,19.99663297179317,545,545,1,1,0,1,1,2010,1,1
100.86306467976091,20.21627105876039,546,546,1,1,0,1,1,2010,1,1
101.52332641358876,19.448480985423437,610,610,1,1,0,1,1,2010,1,1
102.67676323839822,20.505438748718465,640,640,1,1,0,1,1,2010,1,1
102.16391504269438,20.12410391060973,666,666,1,1,0,1,1,2010,1,1
100.73155132216581,19.702883873886083,691,691,1,1,0,1,1,2010,1,1
101.74485096265263,20.450192358745113,713,713,3,1,2015,1,1,2010,1,1
102.93682551315082,20.467170517614974,759,759,1,1,2013,1,1,2010,1,1
102.19544590916699,20.163450120054165,771,771,1,1,2003,1,1,2010,1,1
101.40663525818164,19.15419289834588,777,777,1,1,0,1,1,2010,1,1
101.09078760428521,17.649065639803624,803,803,1,1,2014,1,1,2010,1,3
101.07084500497776,18.411735316021097,892,892,1,1,0,1,1,2010,1,1
103.87817009937967,20.44722791830752,921,921,1,1,2001,1,1,2010,1,1
101.75185782186877,19.55304488449495,951,951,1,1,2004,1,1,2010,1,1
101.90978164881697,20.89809235940711,958,958,1,1,2004,1,1,2010,1,1
102.68053616259152,20.494658965309032,157,157,1,1,2011,1,1,2010,2,1
101.57506937395405,18.738362753326953,198,198,1,1,0,1,1,2010,2,2
104.56538129173111,19.96186817029774,243,243,1,1,2015,1,1,2010,2,3
100.77170601536595,21.223372323786787,260,260,1,1,2012,1,1,2010,2,1
104.41284735648762,19.752201382984246,306,306,1,1,2009,1,1,2010,2,2
101.83971305665565,20.411924127641623,525,525,1,1,2010,1,1,2010,2,2
102.58890800361134,20.359372683520633,620,620,1,1,2014,1,1,2010,2,2
101.26595908468852,18.804388926709738,937,937,1,1,2015,1,1,2010,2,2
101.4861361608262,19.981271780434724,44,44,4,1,2010,1,1,2010,3,5
101.99170800272869,19.531215823090843,249,249,1,1,2008,1,1,2010,3,5
101.41040818237494,19.301606436469893,353,353,1,1,2014,1,1,2010,3,5
100.9471469903545,20.162911130883693,413,413,1,1,2004,1,1,2010,3,4
102.4533522272377,19.6654241265383,637,637,1,1,2010,1,1,2010,3,4
101.47589536658725,17.858193437946646,665,665,1,1,0,1,1,2010,3,4
101.99548092692199,19.78103730360448,749,749,1,1,0,1,1,2010,3,4
102.2180834543268,19.659225751077877,911,911,1,1,2006,1,1,2010,3,5
103.38849843800612,20.735048135339415,563,563,1,1,2013,1,1,2010,4,3
101.976077316785,19.88802665394312,703,703,1,1,2003,1,1,2010,4,2
102.41211955569662,20.650696330160592,299,299,1,1,0,1,1,2010,5,5
101.20235836257285,19.84571600406109,495,495,1,1,0,1,1,2010,5,5
103.4860554778615,20.753912756305926,682,682,1,1,0,1,1,2010,5,5
102.4991663067278,20.288226113018364,106,106,1,1,2011,1,1,2011,1,2
102.0151540316442,19.40024145466622,111,111,1,1,0,1,1,2011,1,1
102.97886666844762,20.268822502881385,213,213,1,1,2011,1,1,2011,1,2
102.29758435697137,19.722556978608303,421,421,1,1,2014,1,1,2011,1,2
102.70371269692181,20.771429904346256,461,461,1,1,0,1,1,2011,1,1
100.99619500486743,20.342933513821244,498,498,1,1,2015,1,1,2011,1,1
100.76092623195652,20.262354632835724,655,655,1,1,0,1,1,2011,1,1
102.00194879696764,20.294154993893553,664,664,1,1,0,1,1,2011,1,1
103.7339904962785,20.05457430761888,670,670,1,1,2015,1,1,2011,1,3
101.85857767762216,21.05332124050296,692,692,1,1,2013,1,1,2011,1,1
104.0234276808218,20.88246167346343,708,708,1,1,2015,1,1,2011,1,1
103.83909338452048,20.541820517725306,760,760,1,1,0,1,1,2011,1,1
101.46134265898452,20.890277016435267,936,936,3,1,2011,1,1,2011,1,2
100.91588561846714,19.73037232158014,982,982,1,1,2003,1,1,2011,1,3
104.48049049738181,20.633987665875967,22,22,1,1,2012,1,1,2011,2,3
104.41311685107284,20.69381546379833,61,61,4,1,2007,1,4,2011,2,2
102.72904518793398,20.067510047710197,593,593,1,1,2006,1,1,2011,2,3
101.89765439248137,19.38784470374537,661,661,1,1,2009,1,1,2011,2,1
101.0005069182312,20.695162936724508,721,721,1,1,2015,1,1,2011,2,1
100.75607532942227,19.953783332740667,773,773,1,1,0,1,1,2011,2,1
101.44894590806366,19.565441635415798,127,127,3,1,2015,1,1,2011,3,5
104.38212497377073,20.615662034079932,43,43,1,1,2011,1,1,2011,5,4
100.62806540143525,19.831702285628825,281,281,1,1,2011,1,1,2011,5,5
104.0662773198743,20.88569560848626,568,568,1,1,2004,1,1,2011,5,5
101.56159464469225,19.32801690582301,831,831,1,1,2003,1,1,2011,5,5
101.77665132371047,19.939500119723167,69,69,1,1,2007,1,1,2012,1,1
103.66742533372523,20.28607015633648,72,72,1,1,0,1,1,2012,1,1
103.99270529810491,20.18393170853209,173,173,1,1,0,1,1,2012,1,1
102.49862731755732,19.653296870202688,205,205,1,1,2014,1,1,2012,1,1
100.54964247713161,19.74869795337618,224,224,1,1,0,1,1,2012,1,1
101.3988199152098,17.85927141628759,275,275,1,1,0,1,1,2012,1,1
101.74431197348217,19.641708603037547,308,308,1,1,0,1,1,2012,1,3
102.62097785925441,20.343741997576952,327,327,1,1,2014,1,1,2012,1,1
100.9139991563705,21.095092901214517,354,354,1,1,0,1,1,2012,1,1
104.39640818678822,20.131649758996332,375,375,1,1,0,1,1,2012,1,1
104.10373706722208,20.52915427221922,376,376,1,1,0,1,1,2012,1,1
101.52898579987871,19.66811907239066,503,503,1,1,0,1,1,2012,1,1
101.68529265931551,20.87653279258824,520,520,1,1,2012,1,1,2012,1,2
102.54336341870648,19.88614019184647,530,530,1,1,2012,1,1,2012,1,2
101.80009735262598,19.9855836937985,591,591,1,1,2014,1,1,2012,1,1
101.5642895905446,19.634432249236177,669,669,1,1,0,1,1,2012,1,1
101.99979284028575,20.146471961184304,729,729,1,1,0,1,1,2012,1,1
101.17406143112309,21.148722323676456,747,747,1,1,2003,1,1,2012,1,1
103.37313724664767,20.681957702047953,779,779,1,1,2008,1,1,2012,1,1
103.31169248121391,20.479297773950588,837,837,1,1,0,1,1,2012,1,1
101.3958554747722,18.361609323167226,894,894,1,1,0,1,1,2012,1,2
104.25465403495417,20.497892900331863,382,382,1,1,0,1,1,2012,2,1
103.01093652409068,20.172882430537417,587,587,1,1,2008,1,1,2012,2,1
101.10884374149602,20.042986040453737,612,612,1,1,0,1,1,2012,2,2
102.42209085535035,20.606768712767146,685,685,3,1,0,1,3,2012,2,2
104.1263746123819,20.243490011869213,712,712,1,1,0,1,1,2012,2,1
101.51739753271357,20.503013297451343,400,400,1,1,2012,1,1,2012,3,5
101.36351612454389,17.750126109267068,451,451,4,1,2013,1,1,2012,3,5
101.70361829111155,19.06633766355899,704,704,1,1,2009,1,1,2012,3,4
102.5037477146768,19.575412935069526,109,109,1,1,2007,1,1,2012,4,2
101.20936522178899,20.270708964978034,603,603,1,1,2011,1,1,2012,4,2
102.67272081961968,20.07263044482968,893,893,1,1,2012,1,1,2012,4,2
102.46035908645383,20.326494344121855,95,95,1,1,0,1,1,2012,5,5
104.11855926941006,20.720225933151443,323,323,1,1,0,1,1,2012,5,4
103.08935944839432,20.71402755769102,341,341,1,1,2011,1,1,2012,5,5
100.58656323530893,19.83655318816307,350,350,1,1,0,1,1,2012,5,5
101.34222605231027,19.870240011317552,474,474,1,1,2015,1,1,2012,5,5
101.15438832640088,20.523764380514503,549,549,1,1,2015,1,1,2012,5,5
102.05854265986717,19.89961492110826,805,805,1,1,2012,1,1,2012,5,5
102.46547948357332,19.683480263749104,2,2,1,1,0,1,1,2013,1,1
101.23766215323876,18.30797990070529,25,25,1,1,0,1,1,2013,1,1
104.54867262744648,19.900153910278732,97,97,1,1,2015,1,1,2013,1,1
101.11288616027456,17.49949614499772,131,131,1,1,2015,1,1,2013,1,1
101.3710619729305,18.263782788726612,182,182,1,1,0,1,1,2013,1,1
102.20811215467307,20.976245789125507,183,183,1,1,2015,1,1,2013,1,2
102.19194247955892,19.59589452354745,191,191,1,1,0,1,1,2013,1,1
100.96008273044582,17.644214737269376,343,343,1,1,0,1,1,2013,1,1
101.67316540297989,20.729388749049463,358,358,1,1,0,1,1,2013,1,2
104.78663634620975,19.951896870644017,396,396,1,1,2015,1,1,2013,1,1
100.21519969685392,20.477950301024407,443,443,1,1,0,1,1,2013,1,1
101.23038579943739,19.683210769163868,554,554,1,1,2002,1,1,2013,1,1
103.891105839471,20.639377557580687,581,581,1,1,2015,1,1,2013,1,2
102.86082804011431,20.77035192600531,628,628,1,1,2014,1,1,2013,1,1
101.9949419377515,19.965641094491044,641,641,1,1,2011,1,1,2013,1,2
101.49260403087187,20.852278279917012,657,657,1,1,0,1,1,2013,1,2
101.53248922948679,18.98656726632918,754,754,1,1,0,1,1,2013,1,1
101.41984049285819,18.755340912196814,902,902,1,1,2005,1,1,2013,1,1
101.46080366981404,20.99160698048395,946,946,1,1,2012,1,1,2013,1,3
102.90071323872922,20.952260771039516,962,962,1,1,0,1,1,2013,1,1
101.43789663006899,17.848491632878158,967,967,1,1,0,1,1,2013,1,1
104.27378815050591,19.882906256823638,1,1,1,1,2013,1,1,2013,2,3
104.58101197767479,19.722287484023067,496,496,1,1,2007,1,1,2013,2,3
100.45693633981048,20.408690192618792,533,533,1,1,2014,1,1,2013,2,1
102.23074969983288,20.98379163751211,550,550,1,1,2013,1,1,2013,2,2
101.34815493318546,20.932048677146827,633,633,1,1,2011,1,1,2013,2,1
101.54542496957811,20.61108062613092,873,873,1,1,0,1,1,2013,2,2
103.10579861809371,20.23271022845978,13,13,1,1,2014,1,1,2013,3,4
100.9193890480752,20.070743982733028,292,292,1,1,2009,1,1,2013,3,4
101.60875619710853,19.302684414810837,571,571,1,1,2008,1,1,2013,3,5
104.51471630970677,19.718514559829764,462,462,1,1,2013,1,1,2013,4,2
101.09348255013757,20.060503188494067,627,627,1,1,2013,1,1,2013,4,1
102.03536612553688,20.759302648010642,126,126,1,1,2007,1,1,2013,5,5
101.36998399458956,18.359722861070576,338,338,1,1,0,1,1,2013,5,4
100.54586955293831,19.710699216857925,411,411,1,1,2015,1,1,2013,5,5
102.07417334581085,19.781306798189718,453,453,4,1,2013,1,1,2013,5,5
101.80683471725688,21.193727919410843,792,792,1,1,2015,1,1,2013,5,5
101.72571684710088,20.35425228640115,977,977,1,1,2012,1,1,2013,5,5
101.38588417511848,20.404647773840257,5,5,1,1,0,1,1,2014,1,1
101.28455421106979,18.441110225811805,31,31,1,1,2015,1,1,2014,1,1
102.08872605341358,19.3557748481023,78,78,1,1,0,1,1,2014,1,1
104.41042190522049,19.97642087790048,134,134,1,1,0,1,1,2014,1,1
104.06492984694812,20.852008785331776,138,138,1,1,0,1,1,2014,1,1
103.0125534916021,20.298197412672092,184,184,1,1,2014,1,1,2014,1,1
104.33684988345111,20.76927394766437,211,211,1,1,2006,1,1,2014,1,1
103.88652443152199,20.342664019236008,240,240,1,1,2015,1,1,2014,1,1
101.70685222613437,19.00004199559097,255,255,1,1,2014,1,1,2014,1,2
102.9163439246729,19.94596798976883,278,278,1,1,0,1,1,2014,1,3
103.97249320421223,20.44022105909139,283,283,1,1,0,1,1,2014,1,1
104.08972334878982,20.807811673353097,304,304,1,1,0,1,1,2014,1,1
103.82750511735533,20.856859687866024,321,321,1,1,2015,1,1,2014,1,1
103.08019663249631,20.399257882135537,371,371,1,1,0,1,1,2014,1,1
101.34707695484451,19.46707611180471,372,372,1,1,2011,1,1,2014,1,1
104.37323165245795,20.81347105964305,388,388,1,1,0,1,1,2014,1,2
103.27153778801376,20.559607160350872,435,435,1,1,2015,1,1,2014,1,1
104.1271830961376,20.69570192589498,442,442,1,1,0,1,1,2014,1,1
103.85256811378227,20.53238820724205,463,463,1,1,0,1,1,2014,1,1
101.58504067360778,20.132188748166804,493,493,1,1,0,1,1,2014,1,2
102.94895276948644,20.50975066208224,515,515,1,1,2013,1,1,2014,1,3
104.08056053289181,20.34832340552596,578,578,1,1,0,1,1,2014,1,1
101.74323399514122,19.431772321138812,586,586,1,1,0,1,1,2014,1,1
102.80612063931143,20.110629181347935,594,594,1,1,2014,1,1,2014,1,3
102.22374284061675,20.438873586165208,676,676,1,1,2014,1,1,2014,1,3
102.77135583781602,20.892702467702392,688,688,1,1,0,1,1,2014,1,1
103.85688002714605,20.389286582481812,694,694,1,1,2004,1,1,2014,1,3
104.5246876093605,19.753548855910427,733,733,1,1,2013,1,1,2014,1,3
102.18143219073472,20.106047773398927,797,797,1,1,0,1,1,2014,1,1
102.72958417710446,19.60101492066693,812,812,1,1,0,1,1,2014,1,1
100.60758381295732,19.700727917204198,815,815,1,1,2015,1,1,2014,1,3
103.98327298762166,19.999597412230763,877,877,1,1,0,1,1,2014,1,3
101.08189428297243,21.41040156594047,896,896,1,1,0,1,1,2014,1,1
104.33145999174639,20.370691456100538,934,934,1,1,2014,1,1,2014,1,2
102.70640764277417,19.591582610183675,970,970,1,1,0,1,1,2014,1,1
104.52980800647998,20.152131347474256,972,972,1,1,0,1,1,2014,1,1
101.87205240688395,19.56786708668292,996,996,1,1,2003,1,1,2014,1,1
101.67100944629802,19.827659866850286,999,999,1,1,2015,1,1,2014,1,2
101.54515547499287,19.099216002957768,12,12,1,1,2010,1,1,2014,2,1
100.8450085425501,20.987295067120176,115,115,1,1,2015,1,1,2014,2,2
101.32228345300281,20.349401383866905,199,199,1,1,2014,1,1,2014,2,2
103.39981721058602,20.454773766694125,368,368,4,1,0,1,4,2014,2,1
102.85436017006866,20.621321420369885,417,417,1,1,2014,1,1,2014,2,3
101.75428327313588,20.804038749159794,444,444,1,1,0,1,1,2014,2,2
101.31878002339475,18.1344253878134,566,566,1,1,2010,1,1,2014,2,2
103.89622623659048,20.373655896538132,644,644,1,1,0,1,1,2014,2,1
101.64918038489391,19.419914559388435,796,796,1,1,2015,1,1,2014,2,3
101.63193273143881,20.95711167357376,883,883,1,1,2010,1,1,2014,2,3
103.9986341789801,19.885601202675996,891,891,1,1,2005,1,1,2014,2,2
100.61755511261104,20.07640336902298,943,943,1,1,2015,1,1,2014,2,3
101.11881504114974,17.72910553161867,302,302,1,1,2013,1,1,2014,3,4
102.04911034938392,20.403839290084548,346,346,1,1,2014,1,1,2014,3,4
101.12097099783162,18.419011669822464,836,836,1,1,2015,1,1,2014,3,5
102.94086793192936,20.72238188983333,110,110,1,1,2014,1,1,2014,4,2
104.43871883667026,20.73612611368036,305,305,4,1,2013,1,1,2014,4,3
101.83324518661,20.583322683851627,536,536,1,1,2014,1,1,2014,4,2
100.6660641379535,19.80017141915623,8,8,1,1,2003,1,1,2014,5,5
101.0147901312487,21.267030446594994,156,156,1,1,0,1,1,2014,5,5
102.00599121574618,19.89449452398878,200,200,1,1,2014,1,1,2014,5,5
101.6836756918041,21.11853893013004,257,257,1,1,2002,1,1,2014,5,5
104.23956233818096,20.223816907146997,452,452,1,1,2010,1,1,2014,5,5
102.15636919430779,20.739360048703187,518,518,3,1,2004,1,1,2014,5,5
102.51776143310907,19.42018405397367,541,541,1,1,0,1,1,2014,5,4
104.38724537089021,20.397640914624123,585,585,1,1,2015,1,1,2014,5,5
101.25140637708579,20.04460300796515,626,626,1,1,2003,1,1,2014,5,5
101.32120547466187,19.29271311515711,785,785,1,1,0,1,1,2014,5,5
102.99395836522083,20.317331528223836,928,928,1,1,2008,1,1,2014,5,4
102.7457538522186,20.143238026161473,957,957,1,1,2009,1,1,2014,5,5
101.15169338054851,18.55133351117327,964,964,1,1,2005,1,1,2014,5,4
101.53168074573107,19.992051563844157,10,10,2,2,0,2,2,0,1,1
102.35310024152996,19.747619975035235,259,259,2,2,0,2,2,0,1,1
103.74072786090939,20.04002160001614,297,297,2,2,2015,2,2,0,1,3
101.91571052969216,19.814724126758964,414,414,2,2,2014,2,2,0,1,1
101.18996161165201,17.965721777455755,418,418,2,2,0,2,2,0,1,1
102.33369663139298,20.227050842169824,555,555,2,2,0,2,2,0,1,1
101.21718056476082,20.709446149742007,696,696,2,2,2015,2,2,0,1,2
100.36584717000076,20.366379542736762,719,719,2,2,0,2,2,0,1,1
102.9403289427589,21.042541457093527,735,735,2,2,0,2,2,0,1,2
101.29479500530876,18.305015460267697,798,798,2,2,0,2,2,0,1,3
100.24080168245132,20.389017087896576,869,869,2,2,2013,2,2,0,1,2
102.32965421261444,20.396293441697942,931,931,2,2,2015,2,2,0,1,3
101.28293724355838,17.684099935884284,246,246,2,2,2001,2,2,0,2,1
100.75230240522897,20.075055896096803,808,808,2,2,2008,2,2,0,2,1
101.21017370554469,17.976501560865188,547,547,2,2,0,2,2,0,3,5
101.84240800250801,19.654644343128865,711,711,2,2,2010,2,2,0,3,5
102.2827621547834,20.376620336975726,377,377,2,2,2015,2,2,0,4,2
100.71538164705166,20.021965462805337,446,446,2,2,2012,2,2,0,4,2
100.85147641259577,20.97786275663692,854,854,2,2,2015,2,2,0,4,3
102.314293021256,20.47525535517205,899,899,2,2,2005,2,2,0,4,1
102.3819361621502,19.95674777317826,9,9,2,2,0,2,2,0,5,5
101.18322424702112,21.16084958001207,77,77,2,2,0,2,2,0,5,5
102.21781395974156,19.55681780868825,80,80,2,2,2014,2,2,0,5,4
100.57174103312096,20.28121925380223,88,88,2,2,2008,2,2,0,5,5
103.47500619986684,19.971569975366233,107,107,2,2,2006,2,2,0,5,5
102.6134320108678,19.28166383716244,133,133,2,2,0,2,2,0,5,5
101.50446179262225,19.008126833148047,161,161,2,2,2009,2,2,0,5,5
101.08135529380196,19.861077195419533,226,226,2,2,0,2,2,0,5,5
103.28070060391178,20.662823586496206,233,233,2,2,2003,2,2,0,5,5
101.39235204516413,20.970047413665082,254,254,2,2,0,2,2,0,5,5
101.3139291208605,17.710779899822633,303,303,2,2,0,2,2,0,5,5
100.94229608782025,21.172707341762447,379,379,2,2,0,2,2,0,5,5
101.38750114262989,20.087183152432416,384,384,2,2,2005,2,2,0,5,5
101.93565312899962,20.632370698364554,415,415,2,2,2015,2,2,0,5,5
102.7104500615527,20.693276474627858,471,471,2,2,2014,2,2,0,5,5
101.23388922904545,17.814265820553203,480,480,2,2,2015,2,2,0,5,5
101.25329283918244,18.02447159703717,512,512,2,2,2003,2,2,0,5,5
101.13714067294578,17.854420513753347,569,569,2,2,2015,2,2,0,5,5
101.26784554678517,18.112865820994532,592,592,2,2,0,2,2,0,5,5
101.34734644942975,17.71616979152735,604,604,2,2,2015,2,2,0,5,5
101.0959080014047,21.208011132428343,623,623,2,2,0,2,2,0,5,5
103.63212154305934,20.03732665416378,660,660,2,2,2004,2,2,0,5,4
101.08970962594427,21.12770174602806,673,673,2,2,2013,2,2,0,5,4
101.28455421106979,18.190480261542458,695,695,2,2,2007,2,2,0,5,5
101.11342514944502,17.854959502923816,702,702,2,2,2007,2,2,0,5,5
101.35570078157205,20.432675210704783,720,720,2,2,0,2,2,0,5,5
100.79811648471907,20.091764560381424,731,731,2,2,2014,2,2,0,5,5
102.27871973600486,20.175307881804542,783,783,2,2,2011,2,2,0,5,4
102.51506648725672,20.048375932158454,787,787,2,2,2009,2,2,0,5,5
100.45451088854335,20.216540553345627,818,818,2,2,0,2,2,0,5,5
102.62744572930006,19.393773584620558,864,864,2,2,0,2,2,0,5,5
101.73299320090226,18.52923495518393,878,878,2,2,0,2,2,0,5,5
101.82165691944485,19.94839344103595,961,961,2,2,2015,2,2,0,5,5
103.92991305974496,20.353174308060208,978,978,2,2,0,2,2,0,5,5
100.84473904796488,19.93087629299562,519,519,2,2,2012,2,2,2005,5,5
102.1504403134326,20.799457341210786,385,385,2,2,2012,2,2,2006,1,1
103.28204807683797,19.936266184700337,393,393,2,2,0,2,2,2006,1,1
100.75823128610416,20.053496329277934,273,273,2,2,2015,2,2,2006,3,5
104.25276757285752,20.39305950667511,819,819,2,2,2015,2,2,2006,5,5
100.21331323475727,20.353443802645444,642,642,2,2,2015,2,2,2008,4,2
102.36738345454746,19.99582448803746,769,769,2,2,0,2,2,2008,5,5
101.92083092681165,21.132552648562303,151,151,2,2,2013,2,2,2009,2,3
101.37752984297616,18.023124124110993,272,272,2,2,0,2,2,2009,2,1
102.4458063788511,19.494564559498766,144,144,2,2,2005,2,2,2009,4,1
103.45021269802514,19.951357881473545,307,307,2,2,2002,2,2,2009,5,5
101.87501684732155,20.538586582702475,45,45,2,2,2008,2,2,2010,1,1
102.21835294891203,19.977229361656185,100,100,2,2,2010,2,2,2010,2,2
102.61747442964634,19.336101743380084,535,535,2,2,2011,2,2,2010,2,2
101.49718543882088,19.08008188740602,242,242,2,2,2011,2,2,2010,4,3
102.65008327445987,19.636588205918063,528,528,2,2,2009,2,2,2010,5,5
100.5593442822001,20.32299091451379,27,27,2,2,2011,2,2,2011,5,4
103.31438742706626,19.975612394144772,420,420,2,2,2003,2,2,2011,5,5
102.28653507897671,19.75381835049566,846,846,2,2,2013,2,2,2012,2,2
102.01192009662137,20.501396329939926,852,852,2,2,2008,2,2,2012,2,1
102.18924753370656,20.666866005274745,374,374,2,2,2015,2,2,2012,5,5
101.17594789321974,18.370772139065245,817,817,2,2,2010,2,2,2012,5,5
100.68088634014147,20.914262034521258,753,753,2,2,2013,2,2,2013,1,2
101.21502460807893,18.09588766212467,416,416,2,2,2010,2,2,2013,3,5
101.40690475276688,19.40212791676287,635,635,2,2,2012,2,2,2013,3,4
100.60623634003115,20.37904578824285,900,900,2,2,2006,2,2,2013,3,4
101.47239193697918,20.035709686652368,497,497,2,2,2014,2,2,2014,1,3
102.12133489822713,20.11817502973454,618,618,2,2,2013,2,2,2014,1,3
101.10399283896177,21.123389832664284,829,829,2,2,2007,2,2,2014,1,1
101.47966829078055,20.563919073714647,186,186,2,2,2007,2,2,2014,3,5
101.43358471670523,21.049817810894897,965,965,2,2,2010,2,2,2014,3,4
104.33361594842827,20.64934885723441,697,697,2,2,2014,2,2,2014,4,3
101.03985312767563,21.209897594524993,26,26,2,2,0,2,2,2014,5,5
101.71763200954382,18.942100659765263,689,689,2,2,2007,2,2,2014,5,5
104.49207876454696,19.901231888619677,230,230,1,3,2015,1,1,0,1,3
102.1676879668877,20.597066907698657,616,616,3,3,2011,3,1,0,1,2
101.13148128665583,17.546388202828762,84,84,3,3,2014,3,1,0,2,2
104.37943002791837,19.8007104083267,234,234,3,3,2015,1,1,0,2,3
100.83557623206686,21.2107060782807,489,489,3,3,2012,3,1,0,2,1
101.49637695506517,20.473638387660635,652,652,3,3,2010,3,1,0,3,4
100.89890745959728,20.41461907349398,895,895,3,3,2010,3,1,0,3,4
101.41337262281253,20.603265283159082,942,942,3,3,2010,3,1,0,3,4
102.14558941089835,20.620512936614176,206,206,4,3,2015,1,1,0,4,2
104.06088742816958,20.85497322576937,94,94,4,3,2012,3,1,0,5,5
101.7701834536648,19.97642087790048,472,472,3,3,2011,3,1,0,5,5
102.23182767817383,20.30736022857011,531,531,3,3,2015,1,1,0,5,5
102.63768652353903,19.49564253783971,680,680,3,3,2013,3,1,0,5,5
101.36594157581102,19.397007519643388,756,756,3,3,2013,3,1,0,5,4
103.99782569522439,20.013072141492554,484,484,3,3,0,3,3,2005,1,1
104.10454555097779,20.40545625759596,839,839,4,3,2014,3,1,2005,5,5
104.30289356571139,20.32676383870709,40,40,4,3,2012,3,1,2006,4,1
101.29560348906446,19.580802826774242,0,0,3,3,2009,1,3,2009,2,3
102.05692569235576,20.139734596553406,166,166,3,3,2009,1,3,2009,2,1
102.27683327390821,20.452078820841766,180,180,3,3,2009,1,3,2009,2,2
102.83684302202832,20.19956239447577,328,328,3,3,2006,1,3,2009,3,5
101.60498327291522,18.99411311471578,523,523,3,3,2015,1,1,2010,2,3
101.04362605186894,20.260198676153834,170,170,3,3,2010,3,1,2010,3,4
101.65187533074626,20.13569217777487,309,309,3,3,2010,3,1,2010,3,4
101.49988038467325,20.89539741355475,543,543,3,3,2010,3,1,2010,3,4
102.01407605330326,19.518549577584757,562,562,3,3,2010,3,1,2010,3,5
101.27054049263752,19.609908241979713,108,108,3,3,2013,3,1,2010,4,2
101.43277623294951,20.010916184810668,681,681,3,3,2010,3,1,2010,4,3
102.1512487971883,19.599397953155517,32,32,3,3,2008,1,3,2010,5,5
101.26299464425092,19.382454812040653,373,373,4,3,2015,1,1,2010,5,5
101.22391792939172,20.558529182009927,923,923,3,3,2011,3,1,2011,1,2
102.71476197491648,19.870779000488024,932,932,3,3,2014,3,1,2011,1,3
103.04138941222234,20.740707521629368,6,6,1,3,2014,3,1,2011,2,2
100.9193890480752,21.272150843714478,427,427,3,3,2010,3,1,2011,2,2
100.95199789288874,20.06104217766454,50,50,3,3,2011,3,1,2011,4,2
102.65277822031223,19.449558963764378,229,229,4,3,2007,1,4,2011,4,1
103.41814284238207,20.035170697481895,781,781,3,3,2008,1,3,2012,3,5
102.66598345498879,19.668658061561132,215,215,1,3,2013,3,1,2013,1,3
102.147475872995,20.600300842721488,782,782,1,3,2013,3,1,2013,1,2
101.84564193753084,20.426476835244358,212,212,3,3,2013,3,1,2013,2,2
100.7870672067244,19.856226292885285,352,352,3,3,2012,3,1,2013,2,2
102.27925872517534,20.01980950612345,262,262,3,3,2009,1,3,2013,3,5
101.77584283995476,19.399971960080983,317,317,3,3,2014,3,1,2013,5,5
100.7051408528127,19.915784596222412,202,202,1,3,2014,3,1,2014,1,3
101.53895709953244,19.537683693136504,724,724,1,3,2014,3,1,2014,1,2
101.332793741827,20.32945878455945,125,125,3,3,2014,3,1,2014,2,2
102.16445403186486,20.54667142025955,739,739,3,3,2010,3,1,2014,2,2
100.99808146696408,20.06292863976119,752,752,3,3,2012,3,1,2014,2,3
101.1996634167205,21.302064742675658,646,646,1,4,2015,1,1,0,1,3
102.74871829265619,20.167762033417937,428,428,4,4,2010,4,1,0,2,3
101.53841811036197,20.30816871232582,298,298,4,4,2009,1,4,0,3,5
104.10185060512543,20.169648495514586,848,848,1,4,2011,4,1,0,3,4
101.23820114240922,19.39539055213197,875,875,3,4,2015,1,1,0,3,5
101.09644699057516,19.87805535428939,345,345,4,4,2010,4,1,0,4,3
101.96341107127891,19.714472141051225,369,369,4,4,2011,4,1,0,5,5
101.24790294747771,19.42287899982603,614,614,4,4,2015,1,1,0,5,5
101.3500413952821,18.11556076684689,888,888,4,4,2013,4,1,0,5,5
101.52386540275923,18.329808962109396,570,570,1,4,2014,4,1,2006,4,3
104.83703183364885,19.866736581709485,971,971,3,4,2015,1,1,2007,2,3
101.3920825505789,20.255078279034354,30,30,3,4,2015,1,1,2009,2,2
100.65231991410647,20.136231166945343,786,786,4,4,2009,1,4,2009,3,4
100.90483634047247,19.890991094380713,577,577,4,4,2012,4,1,2009,5,5
102.69428038643856,19.803135859593823,325,325,4,4,2013,3,1,2010,3,4
103.80432858302505,20.790564019898003,600,600,4,4,2010,4,1,2010,3,4
100.88112081697172,20.27744632960893,736,736,3,4,2011,4,1,2011,2,2
102.01488453705896,19.933032249677506,449,449,4,4,2015,1,1,2011,3,5
101.60956468086424,19.43258080489452,98,98,4,4,2010,4,1,2011,5,5
100.60003796457072,20.587904091800638,576,576,4,4,2015,1,1,2011,5,5
101.33764464436126,18.080256976180994,860,860,4,4,2010,4,1,2012,3,5
101.5597081825956,21.03580409246263,220,220,4,4,2013,4,1,2012,5,5
102.0113811074509,19.909047231591515,58,58,1,4,2014,4,1,2014,1,3
100.65285890327695,20.57389037336837,167,167,1,4,2014,4,1,2014,1,3
104.22797407101582,20.849583334064654,405,405,1,4,2014,4,1,2014,1,3
101.46942749654158,20.208455715788553,483,483,3,4,2014,4,1,2014,1,3
102.44472840051016,20.660128640643848,407,407,1,4,2014,4,1,2014,2,2
101.58180673858494,18.673145063699877,922,922,1,4,2014,4,1,2014,2,3
102.85166522421629,20.490347051945257,948,948,4,4,2014,4,1,2014,2,2
104.36568580407133,20.659589651473375,47,47,4,4,2013,4,1,2014,5,5
102.95542063953211,20.116288567637888,639,639,1,4,2011,4,1,2014,5,5
