LON,LAT,PLOTID,SAMPLEID,frel_change0510,frel_change1015,coded_2000_2010,coded_2009_2015,coded_last_change,coded_updated_2010_2015,coded_updated_2005_2010,fcdm,ccdc_2005_2010,ccdc_2010_2015
102.5147831,19.59987944,11,11,22,22,1,1,0,1,1,0,1,1
100.8550451,21.15934794,18,18,22,22,1,1,0,1,1,0,1,1
103.1350424,20.67830631,19,19,22,22,1,1,0,1,1,0,1,1
102.3739926,20.58875651,20,20,44,44,1,1,0,1,1,0,1,1
101.7104981,19.88211688,21,21,22,22,1,1,0,1,1,0,1,1
101.4145439,19.02801963,24,24,11,11,1,1,0,1,1,0,1,1
103.2205489,20.75318783,29,29,22,22,1,1,0,1,1,0,1,1
101.5441304,20.9526079,36,36,22,22,1,1,0,1,1,0,1,1
102.6790724,20.15666959,37,37,22,22,1,1,0,1,1,0,1,1
104.8859744,20.08844065,38,38,44,44,1,1,0,1,1,0,1,1
102.5884588,20.43204832,39,39,44,44,1,1,0,1,1,0,1,1
101.1779625,21.00729938,48,48,11,11,1,1,0,1,1,0,1,1
100.2904927,20.55132319,51,51,22,22,1,1,0,1,1,0,1,1
101.4626796,18.66049374,52,52,11,11,1,1,0,1,1,0,1,1
101.2127676,21.02133925,53,53,22,22,1,1,0,1,1,0,1,1
104.0185011,20.2342933,54,54,22,22,1,1,0,1,1,0,1,1
101.4192808,19.27012463,55,55,11,11,1,1,0,1,1,0,1,1
104.065725,20.59479034,56,56,22,22,1,1,0,1,1,0,1,1
100.7924314,20.56156261,59,59,22,22,1,1,0,1,1,0,1,1
104.2211703,20.53836558,60,60,22,22,1,1,0,1,1,0,1,1
100.1590235,20.43279284,63,63,11,11,1,1,0,1,1,0,1,1
104.1623793,20.65979752,65,65,22,22,1,1,0,1,1,0,1,1
101.4657848,18.83869001,66,66,22,22,1,1,0,1,1,0,1,1
101.1520448,21.47297245,68,68,22,22,1,1,0,1,1,0,1,1
101.0920157,18.41416663,70,70,22,22,1,1,0,1,1,0,1,1
101.2200726,18.58674257,74,74,22,22,1,1,0,1,1,0,1,1
104.3425373,20.75572202,79,79,22,22,1,1,0,1,1,0,1,1
102.2993211,19.4066198,81,81,22,22,1,1,0,1,1,0,1,1
102.8938415,20.983854,83,83,22,22,1,1,0,1,1,0,1,1
101.4770914,18.84188236,85,85,22,22,1,1,0,1,1,0,1,1
101.8965629,19.49604885,86,86,22,22,1,1,0,1,1,0,1,1
100.7612922,20.83429695,89,89,22,22,1,1,0,1,1,0,1,1
104.6545712,19.74790992,90,90,22,22,1,1,0,1,1,0,1,1
103.3697122,20.3254026,92,92,22,22,1,1,0,1,1,0,1,1
102.7148563,19.60307082,102,102,22,22,1,1,0,1,1,0,1,1
103.5719702,20.35752667,104,104,22,22,1,1,0,1,1,0,1,1
101.0167723,19.93342125,112,112,44,44,1,1,0,1,1,0,1,1
102.2495197,20.85549712,113,113,22,22,1,1,0,1,1,0,1,1
101.8555258,19.82868625,118,118,22,22,1,1,0,1,1,0,1,1
101.2349819,19.69649331,119,119,22,22,1,1,0,1,1,0,1,1
101.8413428,20.54762468,120,120,22,22,1,1,0,1,1,0,1,1
101.751212,18.76861201,122,122,11,11,1,1,0,1,1,0,1,1
102.7221656,20.98624954,123,123,44,44,1,1,0,1,1,0,1,1
101.4836757,20.95001735,132,132,22,22,1,1,0,1,1,0,1,1
102.4112675,20.04376722,135,135,22,22,1,1,0,1,1,0,1,1
101.596919,19.86671439,137,137,22,22,1,1,0,1,1,0,1,1
101.3981609,19.04854489,139,139,22,22,1,1,0,1,1,0,1,1
104.497155,19.63475873,143,143,22,22,1,1,0,1,1,0,1,1
102.1757416,20.24654392,148,148,44,44,1,1,0,1,1,0,1,1
101.4276587,19.98791793,149,149,22,22,1,1,0,1,1,0,1,1
103.203745,20.14302478,150,150,22,22,1,1,0,1,1,0,1,1
102.8313251,21.01801851,154,154,22,22,1,1,0,1,1,0,1,1
101.1333465,20.08105502,162,162,22,22,1,1,0,1,1,0,1,1
101.7703292,21.14142469,171,171,22,22,1,1,0,1,1,0,1,1
101.3807287,18.90689703,174,174,22,22,1,1,0,1,1,0,1,1
101.6546958,20.78804737,175,175,22,22,1,1,0,1,1,0,1,1
104.0152228,20.65929135,179,179,22,22,1,1,0,1,1,0,1,1
104.8567346,20.05615871,190,190,22,22,1,1,0,1,1,0,1,1
100.8633208,20.16610468,195,195,22,22,1,1,0,1,1,0,1,1
102.4152194,20.13484267,197,197,22,22,1,1,0,1,1,0,1,1
102.97557,20.80547914,201,201,22,22,1,1,0,1,1,0,1,1
102.5656664,20.58316358,207,207,22,22,1,1,0,1,1,0,1,1
104.9129141,20.14972386,216,216,22,22,1,1,0,1,1,0,1,1
101.416424,20.83357911,222,222,22,22,1,1,0,1,1,0,1,1
101.8682355,20.09807442,223,223,44,44,1,1,0,1,1,0,1,1
101.5212617,19.68765966,227,227,11,11,1,1,0,1,1,0,1,1
100.9253916,20.15916748,231,231,44,44,1,1,0,1,1,0,1,1
101.9844437,20.97153199,236,236,22,22,1,1,0,1,1,0,1,1
101.0438434,20.913313,248,248,11,11,1,1,0,1,1,0,1,1
103.1910932,20.46672597,250,250,22,22,1,1,0,1,1,0,1,1
102.5504922,20.614644,251,251,44,44,1,1,0,1,1,0,1,1
102.799463,20.84882496,253,253,22,22,1,1,0,1,1,0,1,1
101.6784511,20.22185217,256,256,22,22,1,1,0,1,1,0,1,1
103.0874435,20.52414602,258,258,22,22,1,1,0,1,1,0,1,1
104.7753123,19.81425188,265,265,22,22,1,1,0,1,1,0,1,1
100.7140744,20.85557216,270,270,22,22,1,1,0,1,1,0,1,1
101.5991912,20.97726801,274,274,11,11,1,1,0,1,1,0,1,1
101.8391707,19.91748544,276,276,22,22,1,1,0,1,1,0,1,1
102.4605809,19.68364548,277,277,22,22,1,1,0,1,1,0,1,1
102.0940472,19.47197468,282,282,22,22,1,1,0,1,1,0,1,1
101.8721728,20.47344964,287,287,22,22,1,1,0,1,1,0,1,1
103.0973105,19.90316949,288,288,22,22,1,1,0,1,1,0,1,1
101.835926,19.55971743,289,289,44,44,1,1,0,1,1,0,1,1
101.4194672,18.99752493,290,290,22,22,1,1,0,1,1,0,1,1
102.4735237,19.75182514,293,293,22,22,1,1,0,1,1,0,1,1
101.1874882,18.18496062,294,294,44,44,1,1,0,1,1,0,1,1
104.6141825,20.10865902,296,296,44,44,1,1,0,1,1,0,1,1
100.787655,20.92070422,310,310,22,22,1,1,0,1,1,0,1,1
102.2846125,20.79457566,311,311,22,22,1,1,0,1,1,0,1,1
100.8958387,19.77427736,313,313,22,22,1,1,0,1,1,0,1,1
102.4368641,19.89677485,315,315,22,22,1,1,0,1,1,0,1,1
101.7581276,19.5361322,316,316,22,22,1,1,0,1,1,0,1,1
101.3957188,20.58953777,318,318,22,22,1,1,0,1,1,0,1,1
101.5534855,20.98446972,320,320,44,44,1,1,0,1,1,0,1,1
104.7822719,20.16994288,322,322,22,22,1,1,0,1,1,0,1,1
101.6462161,19.50647112,326,326,22,22,1,1,0,1,1,0,1,1
101.3079042,18.98504357,329,329,11,11,1,1,0,1,1,0,1,1
103.0172857,21.02977153,331,331,22,22,1,1,0,1,1,0,1,1
101.2045304,18.11708917,332,332,45,55,1,1,0,1,1,0,1,1
103.5963655,20.64528027,333,333,44,44,1,1,0,1,1,0,1,1
103.7015013,20.64014062,334,334,22,22,1,1,0,1,1,0,1,1
103.8836245,20.85472177,340,340,22,22,1,1,0,1,1,0,1,1
101.2484454,20.62916441,347,347,11,11,1,1,0,1,1,0,1,1
102.3532458,19.53175236,348,348,44,44,1,1,0,1,1,0,1,1
102.6746578,19.71418242,351,351,22,22,1,1,0,1,1,0,1,1
102.1908883,20.08996776,362,362,22,22,1,1,0,1,1,0,1,1
100.6457587,20.2422666,363,363,11,11,1,1,0,1,1,0,1,1
103.1761487,19.94870983,366,366,22,22,1,1,0,1,1,0,1,1
103.5792595,20.47141638,367,367,22,22,1,1,0,1,1,0,1,1
102.5905381,20.24244203,380,380,22,22,1,1,0,1,1,0,1,1
101.8334354,19.90357335,386,386,44,44,1,1,0,1,1,0,1,1
100.9469394,20.79009523,390,390,22,22,1,1,0,1,1,0,1,1
101.4432159,19.15147897,392,392,22,22,1,1,0,1,1,0,1,1
104.2044674,20.03409609,394,394,22,22,1,1,0,1,1,0,1,1
101.3589828,19.62191013,404,404,22,22,1,1,0,1,1,0,1,1
100.9782778,17.59453115,408,408,22,22,1,1,0,1,1,0,1,1
102.0322179,20.1428875,410,410,44,44,1,1,0,1,1,0,1,1
101.5242576,19.46843116,412,412,11,11,1,1,0,1,1,0,1,1
103.9234432,20.40043435,424,424,22,22,1,1,0,1,1,0,1,1
101.0356119,20.86495752,426,426,22,22,1,1,0,1,1,0,1,1
101.4201499,19.20381853,429,429,22,22,1,1,0,1,1,0,1,1
101.5232382,20.73345768,430,430,22,22,1,1,0,1,1,0,1,1
101.8827889,19.79531553,437,437,22,22,1,1,0,1,1,0,1,1
101.3211658,21.04402033,438,438,11,11,1,1,0,1,1,0,1,1
101.3921402,19.18161271,447,447,22,22,1,1,0,1,1,0,1,1
101.6606285,21.06592859,454,454,44,44,1,1,0,1,1,0,1,1
101.4986208,20.26031409,455,455,22,22,1,1,0,1,1,0,1,1
103.6917498,20.63573056,458,458,22,22,1,1,0,1,1,0,1,1
100.8748974,20.70964668,459,459,22,22,1,1,0,1,1,0,1,1
101.2102728,20.67298432,460,460,22,22,1,1,0,1,1,0,1,1
101.4898623,20.72086853,464,464,22,22,1,1,0,1,1,0,1,1
101.8786169,19.84777675,466,466,44,44,1,1,0,1,1,0,1,1
100.5963039,19.59862897,469,469,22,22,1,1,0,1,1,0,1,1
101.6721939,18.94105544,473,473,11,11,1,1,0,1,1,0,1,1
103.6165119,20.67796538,478,478,22,22,1,1,0,1,1,0,1,1
103.1022453,20.01757875,485,485,22,22,1,1,0,1,1,0,1,1
103.89296,20.48210008,486,486,44,44,1,1,0,1,1,0,1,1
100.6533033,20.25949529,491,491,11,11,1,1,0,1,1,0,1,1
101.3372113,20.75178693,494,494,22,22,1,1,0,1,1,0,1,1
101.3087809,19.11255306,499,499,11,11,1,1,0,1,1,0,1,1
102.6062945,20.90826779,500,500,22,22,1,1,0,1,1,0,1,1
104.1270637,20.23351153,504,504,22,22,1,1,0,1,1,0,1,1
102.4135552,19.63773432,505,505,44,44,1,1,0,1,1,0,1,1
101.5004058,19.71351339,507,507,22,22,1,1,0,1,1,0,1,1
101.4762246,18.86975079,509,509,22,22,1,1,0,1,1,0,1,1
100.8085822,20.91364527,511,511,22,22,1,1,0,1,1,0,1,1
101.2687861,18.61776014,513,513,22,22,1,1,0,1,1,0,1,1
100.6534074,20.56191037,517,517,11,11,1,1,0,1,1,0,1,1
100.2504499,20.43504661,524,524,22,22,1,1,0,1,1,0,1,1
100.9224512,20.75921159,526,526,22,22,1,1,0,1,1,0,1,1
101.4284789,20.85954558,529,529,11,11,1,1,0,1,1,0,1,1
104.8215309,19.98157444,537,537,44,44,1,1,0,1,1,0,1,1
101.6247858,18.67918419,539,539,22,22,1,1,0,1,1,0,1,1
101.3736567,18.1661019,542,542,22,22,1,1,0,1,1,0,1,1
103.762151,20.25787957,544,544,22,22,1,1,0,1,1,0,1,1
103.2823863,19.98337439,552,552,22,22,1,1,0,1,1,0,1,1
100.8712628,21.07371292,564,564,22,22,1,1,0,1,1,0,1,1
102.1099647,19.93753501,565,565,22,22,1,1,0,1,1,0,1,1
100.7524555,20.38637024,573,573,22,22,1,1,0,1,1,0,1,1
100.5741604,20.64077021,574,574,22,22,1,1,0,1,1,0,1,1
102.3958255,20.30060606,575,575,22,22,1,1,0,1,1,0,1,1
102.2395741,19.81310561,579,579,22,22,1,1,0,1,1,0,1,1
103.9760905,20.56826217,580,580,22,22,1,1,0,1,1,0,1,1
101.4706896,21.1828074,583,583,11,11,1,1,0,1,1,0,1,1
101.5214759,20.84792814,584,584,22,22,1,1,0,1,1,0,1,1
103.4772686,20.25590773,590,590,22,22,1,1,0,1,1,0,1,1
102.5790062,20.70362939,598,598,44,44,1,1,0,1,1,0,1,1
101.3045293,18.86695763,606,606,11,11,1,1,0,1,1,0,1,1
101.3301741,18.66769391,613,613,22,22,1,1,0,1,1,0,1,1
101.5720003,20.06630369,615,615,22,22,1,1,0,1,1,0,1,1
101.1892069,20.73341033,617,617,22,22,1,1,0,1,1,0,1,1
101.2096874,18.51724286,619,619,22,22,1,1,0,1,1,0,1,1
101.3551206,18.92047197,631,631,22,22,1,1,0,1,1,0,1,1
101.5791561,18.63124605,634,634,22,22,1,1,0,1,1,0,1,1
103.1513913,20.3722781,636,636,22,22,1,1,0,1,1,0,1,1
103.5456448,20.46788611,645,645,22,22,1,1,0,1,1,0,1,1
101.5695165,20.63341211,647,647,22,22,1,1,0,1,1,0,1,1
100.7227343,20.76300508,648,648,11,11,1,1,0,1,1,0,1,1
101.2022182,20.70771809,654,654,22,22,1,1,0,1,1,0,1,1
100.435668,20.43839015,662,662,22,22,1,1,0,1,1,0,1,1
101.5832826,20.17995689,667,667,22,22,1,1,0,1,1,0,1,1
100.650502,20.32894288,668,668,11,11,1,1,0,1,1,0,1,1
102.4056197,19.72213895,671,671,22,22,1,1,0,1,1,0,1,1
103.3546296,20.20276613,674,674,22,22,1,1,0,1,1,0,1,1
102.2768893,20.63059046,675,675,22,22,1,1,0,1,1,0,1,1
102.2564918,19.45798566,677,677,22,22,1,1,0,1,1,0,1,1
103.2290712,20.83755016,679,679,22,22,1,1,0,1,1,0,1,1
101.9950085,20.96224106,687,687,22,22,1,1,0,1,1,0,1,1
103.4059531,20.73793477,690,690,44,44,1,1,0,1,1,0,1,1
100.6461499,19.63419617,693,693,11,11,1,1,0,1,1,0,1,1
103.755792,20.15456629,699,699,22,24,1,1,0,1,1,0,1,1
104.3940052,20.12484741,706,706,11,11,1,1,0,1,1,0,1,1
101.7323991,19.07832965,710,710,22,22,1,1,0,1,1,0,1,1
102.661154,20.01094598,715,715,44,44,1,1,0,1,1,0,1,1
102.6093517,20.32586936,717,717,22,22,1,1,0,1,1,0,1,1
100.379716,20.77141426,718,718,11,11,1,1,0,1,1,0,1,1
103.7047497,20.5282296,722,722,22,22,1,1,0,1,1,0,1,1
100.8460148,21.29628656,727,727,44,44,1,1,0,1,1,0,1,1
101.2174567,18.31791371,730,730,22,22,1,1,0,1,1,0,1,1
100.6227007,20.78130826,738,738,22,22,1,1,0,1,1,0,1,1
101.6950867,18.77493816,740,740,22,22,1,1,0,1,1,0,1,1
100.7387534,20.50857951,743,743,22,22,1,1,0,1,1,0,1,1
101.6265696,21.02870785,744,744,44,44,1,1,0,1,1,0,1,1
100.7227268,19.94172519,746,746,22,22,1,1,0,1,1,0,1,1
103.3127257,20.62404215,751,751,22,22,1,1,0,1,1,0,1,1
101.0628638,20.83555174,755,755,22,22,1,1,0,1,1,0,1,1
101.2113468,20.68762208,762,762,11,11,1,1,0,1,1,0,1,1
101.674653,18.64243755,763,763,11,11,1,1,0,1,1,0,1,1
103.1324217,20.1325274,766,766,11,11,1,1,0,1,1,0,1,1
102.9178596,20.99932178,767,767,44,44,1,1,0,1,1,0,1,1
102.4237095,20.33325387,768,768,44,44,1,1,0,1,1,0,1,1
104.0102901,20.26108234,770,770,22,22,1,1,0,1,1,0,1,1
103.1508455,20.39395081,772,772,22,22,1,1,0,1,1,0,1,1
100.6730079,20.99275902,774,774,22,22,1,1,0,1,1,0,1,1
101.0315148,17.63755757,776,776,22,22,1,1,0,1,1,0,1,1
103.9513576,20.4811071,778,778,44,44,1,1,0,1,1,0,1,1
101.1469773,20.82177127,780,780,11,11,1,1,0,1,1,0,1,1
100.3759678,20.56336537,784,784,22,22,1,1,0,1,1,0,1,1
102.4241028,20.80674978,788,788,22,22,1,1,0,1,1,0,1,1
101.6590171,19.72980864,790,790,22,22,1,1,0,1,1,0,1,1
102.6701271,20.73197778,791,791,44,44,1,1,0,1,1,0,1,1
103.7969145,20.25649529,794,794,22,22,1,1,0,1,1,0,1,1
104.5543999,19.93691587,795,795,22,22,1,1,0,1,1,0,1,1
101.3883019,18.96470468,800,800,11,11,1,1,0,1,1,0,1,1
104.3032935,20.4503462,801,801,44,44,1,1,0,1,1,0,1,1
102.1582112,19.91420865,804,804,22,22,1,1,0,1,1,0,1,1
104.3120164,20.5579958,806,806,22,22,1,1,0,1,1,0,1,1
102.5881782,20.63332456,807,807,22,22,1,1,0,1,1,0,1,1
101.3199404,19.27654049,810,810,22,22,1,1,0,1,1,0,1,1
101.7347662,20.03798142,811,811,22,22,1,1,0,1,1,0,1,1
101.0181516,20.52009677,813,813,22,22,1,1,0,1,1,0,1,1
104.6374641,20.21741608,814,814,22,22,1,1,0,1,1,0,1,1
102.2775172,20.4816321,821,821,22,22,1,1,0,1,1,0,1,1
104.6526608,20.22829039,822,822,22,22,1,1,0,1,1,0,1,1
104.6543971,19.96072408,824,824,22,22,1,1,0,1,1,0,1,1
100.8528655,20.24702332,826,826,22,22,1,1,0,1,1,0,1,1
101.7839,19.16913829,828,828,22,22,1,1,0,1,1,0,1,1
103.118756,19.97927468,830,830,11,11,1,1,0,1,1,0,1,1
101.7510294,18.91104335,832,832,11,11,1,1,0,1,1,0,1,1
104.1691259,20.26272031,834,834,22,22,1,1,0,1,1,0,1,1
104.8508011,19.95937121,835,835,22,22,1,1,0,1,1,0,1,1
100.5030558,19.70829293,845,845,22,22,1,1,0,1,1,0,1,1
103.5748162,20.64049639,850,850,22,22,1,1,0,1,1,0,1,1
102.4119098,20.76160203,855,855,22,22,1,1,0,1,1,0,1,1
103.0361642,19.93637739,858,858,22,22,1,1,0,1,1,0,1,1
100.7189857,20.71232665,859,859,11,11,1,1,0,1,1,0,1,1
101.8460454,19.64140319,863,863,22,22,1,1,0,1,1,0,1,1
101.9109109,19.70183585,865,865,44,44,1,1,0,1,1,0,1,1
102.0225301,19.71184919,867,867,22,22,1,1,0,1,1,0,1,1
101.2492131,18.40894856,868,868,22,22,1,1,0,1,1,0,1,1
104.0653643,20.93468474,870,870,44,44,1,1,0,1,1,0,1,1
101.400998,19.96409882,871,871,22,22,1,1,0,1,1,0,1,1
101.5373414,20.4662837,879,879,44,44,1,1,0,1,1,0,1,1
101.393832,21.16277819,880,880,22,22,1,1,0,1,1,0,1,1
100.5790184,20.99602016,882,882,22,22,1,1,0,1,1,0,1,1
102.6619805,20.69990004,886,886,44,44,1,1,0,1,1,0,1,1
103.2006541,20.13730236,890,890,22,22,1,1,0,1,1,0,1,1
101.6075034,20.68397602,897,897,22,22,1,1,0,1,1,0,1,1
100.4771718,20.22528258,904,904,11,11,1,1,0,1,1,0,1,1
100.8012502,20.47006653,905,905,22,22,1,1,0,1,1,0,1,1
101.7870517,18.73754877,907,907,22,22,1,1,0,1,1,0,1,1
100.9179204,20.80996884,909,909,22,22,1,1,0,1,1,0,1,1
101.4816947,19.31086315,910,910,22,22,1,1,0,1,1,0,1,1
101.5617488,19.47726916,913,913,22,22,1,1,0,1,1,0,1,1
101.6812596,20.04835629,914,914,22,22,1,1,0,1,1,0,1,1
100.7136903,20.75736918,915,915,44,44,1,1,0,1,1,0,1,1
100.5772846,20.80015687,916,916,11,11,1,1,0,1,1,0,1,1
100.4256844,20.74398201,930,930,22,22,1,1,0,1,1,0,1,1
104.1960137,20.5615622,933,933,22,22,1,1,0,1,1,0,1,1
101.427331,19.10866892,935,935,22,22,1,1,0,1,1,0,1,1
101.1417903,20.86711736,938,938,11,11,1,1,0,1,1,0,1,1
102.1050799,19.58996872,940,940,44,44,1,1,0,1,1,0,1,1
103.1798715,19.99888228,941,941,22,22,1,1,0,1,1,0,1,1
100.6014461,20.62118308,945,945,11,11,1,1,0,1,1,0,1,1
104.2502232,20.3628409,947,947,22,22,1,1,0,1,1,0,1,1
101.7379349,19.81411856,950,950,22,22,1,1,0,1,1,0,1,1
101.5619842,21.14137883,953,953,11,11,1,1,0,1,1,0,1,1
104.4485482,20.52703961,954,954,22,22,1,1,0,1,1,0,1,1
104.0236713,20.32594108,959,959,22,22,1,1,0,1,1,0,1,1
101.0138517,21.37773586,960,960,22,22,1,1,0,1,1,0,1,1
100.9652628,19.73013021,966,966,22,22,1,1,0,1,1,0,1,1
103.169763,20.05487374,968,968,11,11,1,1,0,1,1,0,1,1
101.9993641,19.83414383,973,973,33,33,1,1,0,1,1,0,1,1
103.4891066,20.13025573,975,975,22,22,1,1,0,1,1,0,1,1
102.6538692,20.40178734,976,976,22,22,1,1,0,1,1,0,1,1
101.2514335,18.34565314,980,980,22,22,1,1,0,1,1,0,1,1
104.6502375,20.15590431,986,986,22,22,1,1,0,1,1,0,1,1
102.5550769,19.27667651,987,987,22,22,1,1,0,1,1,0,1,1
102.3269704,19.51375794,989,989,44,44,1,1,0,1,1,0,1,1
103.7402978,20.71875576,997,997,22,22,1,1,0,1,1,0,1,1
104.2235163,20.58662557,349,349,44,44,1,1,0,1,1,0,2,1
101.6288348,20.77292183,842,842,22,22,1,1,0,1,1,0,2,1
103.0363941,20.93678625,929,929,22,22,1,1,0,1,1,0,2,1
101.6685157,20.12257148,952,952,22,22,1,1,0,1,1,0,2,1
102.7782607,20.30371417,433,433,44,44,1,1,0,1,1,0,4,1
100.7466297,19.93580756,34,34,44,44,1,1,0,1,1,2005,1,1
101.3660158,20.81059225,42,42,11,11,1,1,0,1,1,2005,1,1
101.1212512,20.15331555,57,57,44,44,1,1,0,1,1,2005,1,1
104.9413447,20.11964392,73,73,22,22,1,1,0,1,1,2005,1,1
100.4998125,20.18529746,160,160,22,22,1,1,0,1,1,2005,1,1
102.6162966,20.43459916,241,241,22,22,1,1,0,1,1,2005,1,1
103.2169034,20.54720431,319,319,44,44,1,1,0,1,1,2005,1,1
101.7658619,21.06796764,365,365,22,22,1,1,0,1,1,2005,1,1
101.9303531,20.65347891,391,391,22,22,1,1,0,1,1,2005,1,1
101.3384507,18.90227778,398,398,11,11,1,1,0,1,1,2005,1,1
101.7575807,19.17436139,534,534,22,22,1,1,0,1,1,2005,1,1
101.486559,20.15882929,588,588,22,22,1,1,0,1,1,2005,1,1
100.8593116,20.54207459,625,625,44,44,1,1,0,1,1,2005,1,1
102.0326634,20.30078037,684,684,44,44,1,1,0,1,1,2005,1,1
103.1738862,20.82450601,969,969,22,22,1,1,0,1,1,2005,1,1
102.6028858,20.6863551,482,482,44,44,1,1,0,1,1,2005,4,1
101.5888038,19.96483474,142,142,22,22,1,1,0,1,1,2006,1,1
102.5711682,19.42319279,381,381,22,22,1,1,0,1,1,2006,1,1
101.4926717,18.37407612,402,402,22,22,1,1,0,1,1,2006,1,1
101.9347353,19.50103285,406,406,44,44,1,1,0,1,1,2006,1,1
101.7150589,18.93180154,841,841,22,22,1,1,0,1,1,2006,1,1
101.9525784,20.4323645,949,949,22,22,1,1,0,1,1,2006,1,1
103.7647666,20.61404358,998,998,22,22,1,1,0,1,1,2006,1,1
102.4621563,20.61499407,725,725,22,22,1,1,0,1,1,2006,2,1
103.8783948,20.70399084,802,802,44,44,1,1,0,1,1,2006,2,1
101.4193883,20.7202271,196,196,44,44,1,1,0,1,1,2007,1,1
104.5568852,19.6606707,247,247,44,44,1,1,0,1,1,2007,1,1
101.4073375,17.7898851,765,765,44,44,1,1,0,1,1,2007,1,1
102.0220316,19.58401098,853,853,22,22,1,1,0,1,1,2007,1,1
101.6761257,20.11513437,686,686,22,22,1,1,0,1,1,2007,2,1
104.0891056,20.04384064,838,838,44,44,1,1,0,1,1,2007,2,1
101.6567133,21.18902983,158,158,22,22,1,1,0,1,1,2008,1,1
103.6983999,20.35987012,203,203,22,22,1,1,0,1,1,2008,1,1
103.7850614,20.30330442,285,285,22,22,1,1,0,1,1,2008,1,1
101.7542867,20.24412039,342,342,22,22,1,1,0,1,1,2008,1,1
103.1689474,20.12505207,502,502,22,22,1,1,0,1,1,2008,1,1
104.3969937,20.09395388,621,621,11,11,1,1,0,1,1,2008,1,1
101.8671967,19.31491842,723,723,22,22,1,1,0,1,1,2008,1,1
103.0213708,20.38304551,823,823,44,44,1,1,0,1,1,2008,1,1
100.5621457,20.66858967,501,501,25,55,1,1,0,1,1,2008,2,1
103.0051383,20.25957138,656,656,44,44,1,1,0,1,1,2008,2,1
104.0497467,19.958517,99,99,22,22,1,1,0,1,1,2009,1,1
100.8794136,20.21870044,266,266,22,22,1,1,0,1,1,2009,1,1
103.1549883,20.09211679,557,557,22,22,1,1,0,1,1,2009,1,1
100.6573353,19.98963741,728,728,22,22,1,1,0,1,1,2009,1,1
100.9938963,20.95056878,748,748,44,44,1,1,0,1,1,2009,1,1
103.1354207,20.76502079,761,761,44,44,1,1,0,1,1,2009,1,1
100.6797634,20.57447301,889,889,11,11,1,1,0,1,1,2009,1,1
102.3980503,20.14975921,903,903,44,44,1,1,0,1,1,2009,1,1
101.0778375,20.21621599,992,992,44,44,1,1,0,1,1,2009,1,1
102.1579391,19.63929295,268,268,22,22,1,1,0,1,1,2009,2,1
101.5054517,19.70494893,919,919,22,22,1,1,0,1,1,2009,2,1
101.9448086,21.06316175,75,75,22,22,1,1,0,1,1,2010,1,1
100.9683915,19.84411771,434,434,22,22,1,1,0,1,1,2010,1,1
104.0649686,20.67149445,522,522,22,22,1,1,0,1,1,2010,1,1
101.9371259,19.64649898,532,532,22,22,1,1,0,1,1,2010,1,1
100.5484106,19.99666762,545,545,22,22,1,1,0,1,1,2010,1,1
100.8631437,20.21615287,546,546,44,44,1,1,0,1,1,2010,1,1
101.5232583,19.44837823,610,610,22,22,1,1,0,1,1,2010,1,1
102.676737,20.50531319,640,640,22,22,1,1,0,1,1,2010,1,1
102.1638958,20.12420368,666,666,22,22,1,1,0,1,1,2010,1,1
100.7316961,19.70279869,691,691,22,22,1,1,0,1,1,2010,1,1
101.4066934,19.15428672,777,777,22,22,1,1,0,1,1,2010,1,1
101.0708046,18.41183408,892,892,22,22,1,1,0,1,1,2010,1,1
102.0151177,19.40027507,111,111,22,22,1,1,0,1,1,2011,1,1
102.7037996,20.77144224,461,461,22,22,1,1,0,1,1,2011,1,1
100.7610043,20.26240788,655,655,22,22,1,1,0,1,1,2011,1,1
102.0020796,20.29403018,664,664,44,44,1,1,0,1,1,2011,1,1
103.839009,20.54191939,760,760,22,22,1,1,0,1,1,2011,1,1
100.756158,19.95389068,773,773,22,22,1,1,0,1,1,2011,2,1
103.6674179,20.28618599,72,72,22,22,1,1,0,1,1,2012,1,1
103.9926907,20.18400056,173,173,22,22,1,1,0,1,1,2012,1,1
100.5496292,19.74867544,224,224,44,44,1,1,0,1,1,2012,1,1
101.3988766,17.85930605,275,275,44,44,1,1,0,1,1,2012,1,1
100.913916,21.09503814,354,354,22,22,1,1,0,1,1,2012,1,1
104.3962753,20.13163233,375,375,11,11,1,1,0,1,1,2012,1,1
104.103818,20.52912477,376,376,44,44,1,1,0,1,1,2012,1,1
101.529116,19.66804904,503,503,22,22,1,1,0,1,1,2012,1,1
101.5644152,19.63434527,669,669,22,22,1,1,0,1,1,2012,1,1
101.9997477,20.14639919,729,729,22,22,1,1,0,1,1,2012,1,1
103.3117256,20.47932141,837,837,44,44,1,1,0,1,1,2012,1,1
104.2547471,20.49785309,382,382,22,22,1,1,0,1,1,2012,2,1
104.1264332,20.24353795,712,712,24,42,1,1,0,1,1,2012,2,1
102.4654462,19.68344335,2,2,22,22,1,1,0,1,1,2013,1,1
101.2377921,18.30803043,25,25,11,11,1,1,0,1,1,2013,1,1
101.3710646,18.26378025,182,182,22,22,1,1,0,1,1,2013,1,1
102.1918541,19.59594685,191,191,22,22,1,1,0,1,1,2013,1,1
100.9599577,17.6442208,343,343,22,22,1,1,0,1,1,2013,1,1
100.2152741,20.4778808,443,443,22,22,1,1,0,1,1,2013,1,1
101.5323952,18.9866832,754,754,44,44,1,1,0,1,1,2013,1,1
102.9006297,20.95223852,962,962,44,44,1,1,0,1,1,2013,1,1
101.4378257,17.84838045,967,967,22,22,1,1,0,1,1,2013,1,1
101.3859744,20.40473338,5,5,44,44,1,1,0,1,1,2014,1,1
102.0886949,19.35569665,78,78,22,22,1,1,0,1,1,2014,1,1
104.4103454,19.97634657,134,134,22,22,1,1,0,1,1,2014,1,1
104.065011,20.85201385,138,138,22,22,1,1,0,1,1,2014,1,1
103.9726269,20.44030512,283,283,44,44,1,1,0,1,1,2014,1,1
104.0897869,20.80769529,304,304,44,44,1,1,0,1,1,2014,1,1
103.0800817,20.3991472,371,371,22,22,1,1,0,1,1,2014,1,1
104.1273278,20.69567421,442,442,22,22,1,1,0,1,1,2014,1,1
103.8526031,20.53252342,463,463,22,22,1,1,0,1,1,2014,1,1
104.0804366,20.34820499,578,578,22,22,1,1,0,1,1,2014,1,1
101.7433637,19.4318894,586,586,22,22,1,1,0,1,1,2014,1,1
102.7714373,20.89262227,688,688,44,44,1,1,0,1,1,2014,1,1
102.1814259,20.10606756,797,797,22,22,1,1,0,1,1,2014,1,1
102.7294653,19.60108801,812,812,22,22,1,1,0,1,1,2014,1,1
101.0820222,21.41046164,896,896,22,22,1,1,0,1,1,2014,1,1
102.706442,19.59158424,970,970,22,22,1,1,0,1,1,2014,1,1
104.5296793,20.15209941,972,972,11,11,1,1,0,1,1,2014,1,1
103.8963223,20.37370181,644,644,44,44,1,1,0,1,1,2014,2,1
100.4273,20.50767061,450,450,22,24,1,1,0,1,1,0,1,2
101.422839,19.78209204,678,678,22,22,1,1,0,1,1,0,1,2
101.7369381,20.57736617,506,506,44,44,1,1,0,1,1,0,4,2
101.0717604,20.22988087,726,726,22,22,1,1,0,1,1,2006,1,2
101.8702315,19.33528078,851,851,44,44,1,1,0,1,1,2007,2,2
101.7877016,19.85753335,155,155,22,22,1,1,0,1,1,2008,1,2
101.4127066,20.26669571,653,653,44,44,1,1,0,1,1,2008,2,2
101.5750131,18.73838849,198,198,22,22,1,1,0,1,1,2010,2,2
101.3959546,18.36170947,894,894,22,22,1,1,0,1,1,2012,1,2
101.1087962,20.04289915,612,612,44,44,1,1,0,1,1,2012,2,2
101.6732541,20.72938868,358,358,22,24,1,1,0,1,1,2013,1,2
101.49258,20.85221053,657,657,44,44,1,1,0,1,1,2013,1,2
101.5452918,20.61100129,873,873,44,44,1,1,0,1,1,2013,2,2
104.3731337,20.81357298,388,388,44,44,1,1,0,1,1,2014,1,2
101.5851855,20.13207531,493,493,22,22,1,1,0,1,1,2014,1,2
101.7542531,20.80403973,444,444,22,22,1,1,0,1,1,2014,2,2
102.9341047,19.8962004,403,403,22,22,1,1,0,1,1,0,1,3
104.0534996,20.5700579,490,490,22,22,1,1,0,1,1,0,1,3
101.9512499,19.39677681,979,979,22,24,1,1,0,1,1,2009,2,3
101.744293,19.64175495,308,308,44,44,1,1,0,1,1,2012,1,3
102.9162664,19.94584983,278,278,22,22,1,1,0,1,1,2014,1,3
103.9832588,19.99962208,877,877,22,24,1,1,0,1,1,2014,1,3
102.8230565,20.87161358,387,387,22,22,1,1,0,1,1,0,3,4
102.4828655,19.48294487,764,764,44,44,1,1,0,1,1,0,5,4
101.4757954,17.85827589,665,665,22,22,1,1,0,1,1,2010,3,4
101.9954978,19.78099848,749,749,22,22,1,1,0,1,1,2010,3,4
104.1185439,20.72029545,323,323,44,44,1,1,0,1,1,2012,5,4
101.3699157,18.3595901,338,338,22,22,1,1,0,1,1,2013,5,4
102.5178123,19.42030356,541,541,22,22,1,1,0,1,1,2014,5,4
104.2959826,20.72761823,28,28,44,44,1,1,0,1,1,0,5,5
101.3556229,17.80381726,101,101,44,44,1,1,0,1,1,0,5,5
102.4677214,19.70243875,261,261,44,44,1,1,0,1,1,0,5,5
100.5151926,20.30793809,286,286,22,22,1,1,0,1,1,0,5,5
103.8945304,20.13977074,395,395,44,44,1,1,0,1,1,0,5,5
101.7972712,21.02903385,409,409,45,54,1,1,0,1,1,0,5,5
101.6909129,19.20214277,436,436,44,44,1,1,0,1,1,0,5,5
102.9840509,20.15798894,548,548,44,44,1,1,0,1,1,0,5,5
102.3878111,20.41858791,572,572,44,44,1,1,0,1,1,0,5,5
101.2381241,18.16105791,595,595,45,55,1,1,0,1,1,0,5,5
102.5086132,19.33050358,608,608,22,22,1,1,0,1,1,0,5,5
102.5239514,20.76081609,856,856,44,44,1,1,0,1,1,0,5,5
101.7080025,19.25985421,866,866,44,44,1,1,0,1,1,0,5,5
102.4758437,20.4648538,908,908,44,44,1,1,0,1,1,0,5,5
104.2626006,20.89716104,995,995,44,44,1,1,0,1,1,0,5,5
101.1796322,20.28557984,477,477,44,44,1,1,0,1,1,2009,5,5
102.4120642,20.65081853,299,299,44,44,1,1,0,1,1,2010,5,5
101.2022956,19.84574133,495,495,44,44,1,1,0,1,1,2010,5,5
103.486169,20.75383599,682,682,44,44,1,1,0,1,1,2010,5,5
102.4602926,20.3264756,95,95,44,44,1,1,0,1,1,2012,5,5
100.586623,19.83668844,350,350,24,44,1,1,0,1,1,2012,5,5
101.014822,21.26709421,156,156,44,44,1,1,0,1,1,2014,5,5
101.3212869,19.29280859,785,785,22,22,1,1,0,1,1,2014,5,5
101.5317984,19.99215401,10,10,55,55,2,2,0,2,2,0,1,1
102.3531362,19.74764705,259,259,55,55,2,2,0,2,2,0,1,1
101.1899612,17.96576707,418,418,55,55,2,2,0,2,2,0,1,1
102.3336314,20.22707645,555,555,54,44,2,2,0,2,2,0,1,1
100.3658132,20.36650347,719,719,55,55,2,2,0,2,2,0,1,1
103.282037,19.93621565,393,393,55,55,2,2,0,2,2,2006,1,1
101.377445,18.02323516,272,272,55,55,2,2,0,2,2,2009,2,1
102.9403454,21.04267452,735,735,55,55,2,2,0,2,2,0,1,2
101.2948174,18.30508664,798,798,55,55,2,2,0,2,2,0,1,3
101.2100964,17.97644759,547,547,55,55,2,2,0,2,2,0,3,5
102.3820382,19.95665438,9,9,55,55,2,2,0,2,2,0,5,5
101.1832599,21.16085899,77,77,55,55,2,2,0,2,2,0,5,5
102.6134918,19.28178408,133,133,55,55,2,2,0,2,2,0,5,5
101.0812241,19.86097905,226,226,55,55,2,2,0,2,2,0,5,5
101.3924292,20.97003376,254,254,55,55,2,2,0,2,2,0,5,5
101.3140117,17.71072568,303,303,55,55,2,2,0,2,2,0,5,5
100.9423555,21.17283134,379,379,54,44,2,2,0,2,2,0,5,5
101.2677452,18.11291201,592,592,55,55,2,2,0,2,2,0,5,5
101.0960499,21.20811478,623,623,45,55,2,2,0,2,2,0,5,5
101.3557422,20.43279413,720,720,55,55,2,2,0,2,2,0,5,5
100.4545039,20.21658274,818,818,55,55,2,2,0,2,2,0,5,5
102.6275654,19.39386484,864,864,55,55,2,2,0,2,2,0,5,5
101.7330576,18.52918956,878,878,55,55,2,2,0,2,2,0,5,5
103.9298074,20.35303927,978,978,55,55,2,2,0,2,2,0,5,5
102.3673517,19.99571473,769,769,55,55,2,2,0,2,2,2008,5,5
101.039737,21.20977811,26,26,55,55,2,2,0,2,2,2014,5,5
102.0498127,20.07629047,269,269,44,44,3,1,0,1,3,2010,1,1
103.9977989,20.01298727,484,484,44,44,3,3,0,3,3,2005,1,1
102.4220146,20.60681515,685,685,44,44,3,1,0,1,3,2012,2,2
103.3996939,20.45467944,368,368,44,44,4,1,0,1,4,2014,2,1
101.4304059,21.18981006,91,91,11,11,1,1,2000,1,1,0,1,1
101.3139874,20.31715348,344,344,44,44,1,1,2000,1,1,0,1,1
104.24648,20.36418015,514,514,22,22,1,1,2000,1,1,0,1,1
104.237914,20.17601761,629,629,22,22,1,1,2000,1,1,0,1,1
101.1121844,19.98668493,857,857,44,44,1,1,2000,1,1,0,1,1
104.5707758,20.02967078,145,145,44,44,1,1,2000,1,1,0,4,1
104.4169098,20.67467006,103,103,44,44,1,1,2000,1,1,2007,5,5
101.7674968,19.42392703,116,116,44,44,1,1,2001,1,1,0,1,1
101.3611384,20.77394898,252,252,22,22,1,1,2001,1,1,0,1,1
101.4484495,21.08679193,314,314,11,11,1,1,2001,1,1,0,1,1
101.9691485,20.59756925,622,622,44,44,1,1,2001,1,1,0,1,1
102.1536072,20.26433195,741,741,22,22,1,1,2001,1,1,0,1,1
100.854369,21.15256793,827,827,22,22,1,1,2001,1,1,0,1,1
100.9724633,19.92051518,926,926,44,44,1,1,2001,1,1,0,4,1
100.8932724,20.9227403,861,861,22,22,1,1,2001,1,1,2006,1,1
100.8358503,19.96984962,825,825,44,44,1,1,2001,1,1,2007,2,1
103.8782556,20.44731178,921,921,22,22,1,1,2001,1,1,2010,1,1
101.7305597,20.43104072,121,121,44,44,1,1,2001,1,1,0,5,5
101.2829256,17.68415216,246,246,55,55,2,2,2001,2,2,0,2,1
100.1744523,20.6173341,3,3,44,44,1,1,2002,1,1,0,1,1
101.0988489,17.78694972,71,71,22,22,1,1,2002,1,1,0,1,1
101.8816687,19.76469605,153,153,22,22,1,1,2002,1,1,0,1,1
101.2930715,20.89753098,214,214,22,22,1,1,2002,1,1,0,1,1
101.0184901,20.30633874,357,357,22,22,1,1,2002,1,1,0,1,1
100.2740641,20.48814556,650,650,22,22,1,1,2002,1,1,0,1,1
102.1616243,19.83517586,732,732,22,22,1,1,2002,1,1,0,1,1
102.2853514,20.6886857,758,758,44,44,1,1,2002,1,1,0,1,1
103.2556145,20.25221648,178,178,22,22,1,1,2002,1,1,2009,1,1
101.230437,19.68313575,554,554,22,22,1,1,2002,1,1,2013,1,1
103.2681308,20.15911676,944,944,44,44,1,1,2002,1,1,2009,1,2
101.6836852,21.11863142,257,257,44,44,1,1,2002,1,1,2014,5,5
103.4501163,19.95131297,307,307,55,55,2,2,2002,2,2,2009,5,5
100.6276591,20.04868537,14,14,22,22,1,1,2003,1,1,0,1,1
103.7491505,20.23149606,284,284,22,22,1,1,2003,1,1,0,1,1
103.3453174,20.32300536,356,356,22,22,1,1,2003,1,1,0,1,1
101.1667948,20.01304464,809,809,22,22,1,1,2003,1,1,0,1,1
102.1357807,20.82140314,984,984,44,44,1,1,2003,1,1,0,1,1
103.9735845,19.89927093,23,23,22,22,1,1,2003,1,1,2009,1,1
104.1625394,19.98944584,383,383,22,22,1,1,2003,1,1,2009,1,1
102.1953111,20.16343774,771,771,44,44,1,1,2003,1,1,2010,1,1
101.1740514,21.14874366,747,747,22,22,1,1,2003,1,1,2012,1,1
101.8720474,19.56792987,996,996,44,44,1,1,2003,1,1,2014,1,1
101.9760217,19.88791196,703,703,44,44,1,1,2003,1,1,2010,4,2
100.9158223,19.73036142,982,982,44,44,1,1,2003,1,1,2011,1,3
102.2479696,20.07190741,750,750,22,22,1,1,2003,1,1,0,5,4
101.9691326,20.80093425,169,169,44,44,1,1,2003,1,1,0,5,5
101.5614631,19.3280883,831,831,44,44,1,1,2003,1,1,2011,5,5
100.6659365,19.80022475,8,8,44,44,1,1,2003,1,1,2014,5,5
101.2513721,20.04462941,626,626,22,22,1,1,2003,1,1,2014,5,5
103.2806273,20.66274796,233,233,54,44,2,2,2003,2,2,0,5,5
101.2532072,18.02438584,512,512,55,55,2,2,2003,2,2,0,5,5
103.3142893,19.97555028,420,420,54,44,2,2,2003,2,2,2011,5,5
101.0107279,21.32246473,33,33,22,22,1,1,2004,1,1,0,1,1
100.8878343,21.2561926,193,193,44,44,3,1,2004,1,1,0,1,1
100.8078457,20.80541553,244,244,44,44,1,1,2004,1,1,0,1,1
104.2005392,20.52146569,607,607,44,44,1,1,2004,1,1,0,1,1
103.3500806,20.68348,643,643,44,44,1,1,2004,1,1,0,1,1
102.1095337,20.39658629,927,927,44,44,3,1,2004,1,1,0,1,1
100.8443071,21.11011737,981,981,44,44,1,1,2004,1,1,0,1,1
100.7745592,21.17033851,734,734,44,45,1,1,2004,1,1,0,4,1
104.110878,20.25159185,140,140,44,44,3,1,2004,1,1,2005,1,1
101.3708442,20.74113318,163,163,44,44,1,1,2004,1,1,2005,1,1
101.2214658,20.75496171,559,559,44,44,1,1,2004,1,1,2005,1,1
101.7517905,19.55307706,951,951,22,22,1,1,2004,1,1,2010,1,1
101.9098398,20.89816804,958,958,44,44,1,1,2004,1,1,2010,1,1
103.8568297,20.38916833,694,694,22,24,1,1,2004,1,1,2014,1,3
100.9470708,20.16291565,413,413,22,22,1,1,2004,1,1,2010,3,4
103.9298401,20.88401798,237,237,44,44,1,1,2004,1,1,0,5,5
104.0662451,20.88563036,568,568,44,44,1,1,2004,1,1,2011,5,5
102.1563287,20.73941469,518,518,44,44,3,1,2004,1,1,2014,5,5
103.6322449,20.03737441,660,660,54,44,2,2,2004,2,2,0,5,4
104.3073526,20.31428338,176,176,24,44,1,1,2005,1,1,0,1,1
101.3724414,20.39416625,993,993,22,22,1,1,2005,1,1,0,1,1
101.5187567,19.18974673,189,189,44,44,1,1,2005,1,1,0,2,1
101.0420104,20.56393853,401,401,44,44,1,1,2005,1,1,0,2,1
101.6286907,20.09501072,698,698,22,22,1,1,2005,1,1,0,4,1
101.6473664,20.49253792,898,898,22,22,1,1,2005,1,1,2005,2,1
101.419785,18.75524291,902,902,22,22,1,1,2005,1,1,2013,1,1
101.6485736,19.02646161,165,165,22,22,1,1,2005,1,1,0,2,2
101.7350541,20.50368658,714,714,22,22,1,1,2005,1,1,2005,4,2
103.9986027,19.88558881,891,891,44,45,1,1,2005,1,1,2014,2,2
101.1516138,18.55125315,964,964,22,22,1,1,2005,1,1,2014,5,4
102.3144214,20.47516446,899,899,54,44,2,2,2005,2,2,0,4,1
102.4458333,19.49461687,144,144,54,44,2,2,2005,2,2,2009,4,1
101.3875891,20.08725834,384,384,55,55,2,2,2005,2,2,0,5,5
104.3325097,20.00724573,701,701,22,22,4,1,2005,1,4,0,1,1
102.8156169,19.74196731,300,300,22,22,1,1,2006,1,1,0,1,1
103.2050399,20.52838397,488,488,22,22,1,1,2006,1,1,0,1,1
102.2805769,19.65662967,707,707,22,22,1,1,2006,1,1,0,1,1
101.818293,19.21821039,844,844,44,44,1,1,2006,1,1,0,1,1
101.1553388,19.6211896,901,901,22,22,1,1,2006,1,1,0,1,1
101.1073208,18.37659115,551,551,44,44,1,1,2006,1,1,0,2,1
103.0398897,20.3501965,609,609,44,44,1,1,2006,1,1,0,4,1
102.779449,19.68787413,129,129,22,22,1,1,2006,1,1,2005,4,1
101.0684723,20.05228929,146,146,44,44,1,1,2006,1,1,2006,2,1
100.755021,19.97496461,651,651,22,22,1,1,2006,1,1,2006,2,1
101.3136205,18.112172,906,906,44,44,1,1,2006,1,1,2006,2,1
104.3367147,20.76925282,211,211,44,44,1,1,2006,1,1,2014,1,1
102.729131,20.06764368,593,593,22,22,1,1,2006,1,1,2011,2,3
102.218202,19.6591959,911,911,44,44,1,1,2006,1,1,2010,3,5
100.6063582,20.37895809,900,900,55,55,2,2,2006,2,2,2013,3,4
103.4751445,19.97158575,107,107,55,55,2,2,2006,2,2,0,5,5
101.4600879,19.66209886,876,876,42,22,3,1,2006,1,3,0,2,1
102.8368539,20.1995928,328,328,44,44,3,3,2006,1,3,2009,3,5
102.411036,19.75878792,389,389,24,42,1,1,2007,1,1,0,4,1
102.7089959,20.5788904,716,716,44,44,1,1,2007,1,1,2006,2,1
100.9690553,21.00680195,991,991,44,44,1,1,2007,1,1,2008,1,1
101.7765993,19.93937667,69,69,44,44,1,1,2007,1,1,2012,1,1
100.4437206,20.58301355,82,82,44,44,1,1,2007,1,1,0,1,2
102.6133622,20.28908021,872,872,22,22,1,1,2007,1,1,0,1,2
102.5037269,19.57534444,109,109,44,44,1,1,2007,1,1,2012,4,2
104.5810501,19.72226933,496,496,44,44,1,1,2007,1,1,2013,2,3
101.6430337,21.11728874,456,456,44,44,1,1,2007,1,1,2007,3,5
102.0353179,20.75930482,126,126,44,44,1,1,2007,1,1,2013,5,5
101.1040444,21.12333187,829,829,55,55,2,2,2007,2,2,2014,1,1
101.2845064,18.19038372,695,695,55,55,2,2,2007,2,2,0,5,5
101.1134773,17.85490464,702,702,55,55,2,2,2007,2,2,0,5,5
101.4796696,20.56392835,186,186,55,55,2,2,2007,2,2,2014,3,5
101.7177022,18.94213797,689,689,55,55,2,2,2007,2,2,2014,5,5
102.9177932,20.09110344,757,757,44,44,3,1,2007,1,3,2006,2,1
101.3645479,19.3475438,267,267,44,44,3,1,2007,1,3,2008,3,5
102.6527495,19.44946357,229,229,44,44,4,3,2007,1,4,2011,4,1
104.4130915,20.69390298,61,61,22,22,4,1,2007,1,4,2011,2,2
102.7713776,19.87743776,15,15,22,22,1,1,2008,1,1,0,1,1
104.0604065,20.38116792,324,324,44,44,1,1,2008,1,1,0,1,1
102.2909186,20.87674199,521,521,44,44,1,1,2008,1,1,0,1,1
100.9050774,20.68872376,67,67,44,44,1,1,2008,1,1,2008,2,1
102.3501715,20.71840646,335,335,44,44,1,1,2008,1,1,2008,2,1
100.9127671,20.00546239,632,632,44,44,1,1,2008,1,1,2008,2,1
102.1074663,21.03595271,605,605,22,22,1,1,2008,1,1,2009,2,1
103.373133,20.68207319,779,779,44,44,1,1,2008,1,1,2012,1,1
103.0108344,20.1729261,587,587,44,44,1,1,2008,1,1,2012,2,1
102.9940569,20.31743136,928,928,44,44,1,1,2008,1,1,2014,5,4
102.0540994,19.96938664,399,399,44,44,1,1,2008,1,1,0,5,5
101.9915794,19.53123643,249,249,44,44,1,1,2008,1,1,2010,3,5
101.6087601,19.30271254,571,571,45,55,1,1,2008,1,1,2013,3,5
100.75233,20.07499477,808,808,55,55,2,2,2008,2,2,0,2,1
101.8748756,20.53848521,45,45,54,44,2,2,2008,2,2,2010,1,1
102.0118589,20.50136525,852,852,54,44,2,2,2008,2,2,2012,2,1
100.5718572,20.28125497,88,88,55,55,2,2,2008,2,2,0,5,5
100.8677051,21.24325478,228,228,44,44,3,1,2008,1,3,0,1,1
101.8978238,19.86083968,238,238,44,44,3,1,2008,1,3,2007,2,2
102.1512105,19.59937136,32,32,45,54,3,3,2008,1,3,2010,5,5
103.4180384,20.03504659,781,781,44,44,3,3,2008,1,3,2012,3,5
102.5867188,19.66425395,172,172,22,22,1,1,2009,1,1,0,1,1
102.7124368,19.9530942,793,793,22,22,1,1,2009,1,1,0,1,1
101.1289218,20.37539247,840,840,44,44,1,1,2009,1,1,0,1,1
101.1537918,17.6483748,705,705,44,44,1,1,2009,1,1,2005,4,1
104.0972298,20.96114772,849,849,22,22,1,1,2009,1,1,2009,1,1
101.8977665,19.38774702,661,661,44,44,1,1,2009,1,1,2011,2,1
102.0074732,20.10211742,789,789,44,44,1,1,2009,1,1,0,1,2
101.7973964,20.1282115,423,423,24,44,1,1,2009,1,1,2009,2,2
104.4128915,19.75216047,306,306,44,44,1,1,2009,1,1,2010,2,2
104.0183832,19.93069703,159,159,44,44,1,1,2009,1,1,0,3,4
101.7035848,19.06644368,704,704,25,55,1,1,2009,1,1,2012,3,4
100.9193778,20.07082245,292,292,44,44,1,1,2009,1,1,2013,3,4
102.9081743,20.42399272,467,467,44,44,1,1,2009,1,1,2009,5,5
102.7458273,20.1431778,957,957,44,44,1,1,2009,1,1,2014,5,5
101.504342,19.00808412,161,161,55,55,2,2,2009,2,2,0,5,5
102.5149621,20.04850618,787,787,55,55,2,2,2009,2,2,0,5,5
102.6500406,19.63664548,528,528,55,55,2,2,2009,2,2,2010,5,5
102.0569374,20.13978187,166,166,42,22,3,3,2009,1,3,2009,2,1
102.2768888,20.45209922,180,180,44,44,3,3,2009,1,3,2009,2,2
101.2956516,19.58082797,0,0,44,44,3,3,2009,1,3,2009,2,3
102.2792543,20.0198447,262,262,44,44,3,3,2009,1,3,2013,3,5
100.6524353,20.13612724,786,786,22,24,4,4,2009,1,4,2009,3,4
101.5382909,20.308207,298,298,44,44,4,4,2009,1,4,0,3,5
102.279555,20.62629889,49,49,44,44,1,1,2010,1,1,0,1,1
101.957488,19.55178894,264,264,44,44,1,1,2010,1,1,0,1,1
101.4909594,19.26420684,659,659,11,11,1,1,2010,1,1,0,1,1
104.4034164,19.91261702,709,709,22,22,1,1,2010,1,1,0,1,1
101.7586444,19.23638937,359,359,44,44,3,1,2010,1,1,2008,2,1
103.3744395,20.55905204,516,516,44,44,1,1,2010,1,1,2009,1,1
101.5451475,19.09927858,12,12,22,22,1,1,2010,1,1,2014,2,1
101.8398135,20.41193977,525,525,45,54,1,1,2010,1,1,2010,2,2
101.3188156,18.13446896,566,566,11,11,1,1,2010,1,1,2014,2,2
100.9194303,21.27211253,427,427,45,54,3,3,2010,3,1,2011,2,2
102.1645118,20.54671917,739,739,45,54,3,3,2010,3,1,2014,2,2
101.9809429,20.69932423,843,843,44,44,1,1,2010,1,1,0,1,3
104.4761253,20.02778939,336,336,24,44,1,1,2010,1,1,0,2,3
104.6703917,19.85204338,672,672,22,24,1,1,2010,1,1,0,2,3
101.6319267,20.95707352,883,883,22,24,1,1,2010,1,1,2014,2,3
101.4328642,20.011032,681,681,44,44,3,3,2010,3,1,2010,4,3
102.7486289,20.16786875,428,428,45,54,4,4,2010,4,1,0,2,3
101.096536,19.87809386,345,345,44,44,4,4,2010,4,1,0,4,3
102.4534333,19.66539376,637,637,22,22,1,1,2010,1,1,2010,3,4
101.4963868,20.47358329,652,652,45,54,3,3,2010,3,1,0,3,4
100.8988994,20.41450218,895,895,45,54,3,3,2010,3,1,0,3,4
101.4135089,20.60317127,942,942,24,44,3,3,2010,3,1,0,3,4
101.0437585,20.26009929,170,170,45,54,3,3,2010,3,1,2010,3,4
101.6518954,20.13579337,309,309,45,54,3,3,2010,3,1,2010,3,4
101.4999298,20.89540142,543,543,24,44,3,3,2010,3,1,2010,3,4
103.8042622,20.79049365,600,600,45,55,4,4,2010,4,1,2010,3,4
103.028089,20.44219211,432,432,45,54,1,1,2010,1,1,0,3,5
101.7579209,19.20063332,263,263,44,44,3,1,2010,1,1,0,5,5
102.2597554,19.53550482,301,301,44,44,4,1,2010,1,1,0,5,5
104.5890055,19.85756746,355,355,45,54,1,1,2010,1,1,0,5,5
104.4424039,20.23533884,194,194,44,44,1,1,2010,1,1,2005,5,5
101.4862219,19.98123919,44,44,45,55,4,1,2010,1,1,2010,3,5
104.2396921,20.22373471,452,452,44,44,1,1,2010,1,1,2014,5,5
102.0140923,19.51861036,562,562,45,54,3,3,2010,3,1,2010,3,5
101.6094924,19.43268477,98,98,45,54,4,4,2010,4,1,2011,5,5
101.3377829,18.08014847,860,860,45,55,4,4,2010,4,1,2012,3,5
102.218391,19.97718677,100,100,55,55,2,2,2010,2,2,2010,2,2
101.4334668,21.04993609,965,965,55,55,2,2,2010,2,2,2014,3,4
101.8423571,19.65460718,711,711,55,55,2,2,2010,2,2,0,3,5
101.1760525,18.37067862,817,817,55,55,2,2,2010,2,2,2012,5,5
101.2148933,18.09590992,416,416,55,55,2,2,2010,2,2,2013,3,5
101.8758073,19.63948583,4,4,22,22,1,1,2011,1,1,0,1,1
101.3675454,19.28940468,994,994,22,22,1,1,2011,1,1,0,1,1
104.3199023,19.73583691,16,16,44,44,3,1,2011,1,1,2009,4,1
102.6806374,20.49452872,157,157,22,22,1,1,2011,1,1,2010,2,1
101.3481108,20.93200851,633,633,44,44,1,1,2011,1,1,2013,2,1
101.3470463,19.46710741,372,372,44,44,1,1,2011,1,1,2014,1,1
101.0257034,20.82576319,114,114,11,11,1,1,2011,1,1,0,1,2
102.4991007,20.28829751,106,106,22,24,1,1,2011,1,1,2011,1,2
102.9788904,20.26875438,213,213,44,44,1,1,2011,1,1,2011,1,2
101.4614513,20.8902773,936,936,44,44,3,1,2011,1,1,2011,1,2
101.2092486,20.27079791,603,603,44,44,1,1,2011,1,1,2012,4,2
101.9948768,19.96568452,641,641,22,22,1,1,2011,1,1,2013,1,2
102.1676065,20.59714455,616,616,44,44,3,3,2011,3,1,0,1,2
101.2240261,20.55853673,923,923,22,25,3,3,2011,3,1,2011,1,2
100.951989,20.06102129,50,50,22,22,3,3,2011,3,1,2011,4,2
100.8810153,20.27744897,736,736,22,22,3,4,2011,4,1,2011,2,2
104.3820086,20.61572659,43,43,44,44,1,1,2011,1,1,2011,5,4
104.1018696,20.16968321,848,848,22,24,1,4,2011,4,1,0,3,4
102.6730571,20.91623413,210,210,44,44,1,1,2011,1,1,2005,5,5
101.2280236,19.45573463,431,431,44,44,1,1,2011,1,1,2008,5,5
100.6282057,19.8317633,281,281,44,44,1,1,2011,1,1,2011,5,5
103.0893891,20.71411561,341,341,44,44,1,1,2011,1,1,2012,5,5
101.7701195,19.97635428,472,472,44,44,3,3,2011,3,1,0,5,5
101.9632868,19.71437568,369,369,45,54,4,4,2011,4,1,0,5,5
102.9553268,20.1162001,639,639,44,44,1,4,2011,4,1,2014,5,5
102.6175565,19.33602458,535,535,55,55,2,2,2011,2,2,2010,2,2
101.4971401,19.07996133,242,242,55,55,2,2,2011,2,2,2010,4,3
102.2788605,20.17531378,783,783,55,55,2,2,2011,2,2,0,5,4
100.5594896,20.32286406,27,27,55,55,2,2,2011,2,2,2011,5,4
100.7716081,21.22328552,260,260,44,44,1,1,2012,1,1,2010,2,1
100.8354322,21.21080755,489,489,44,44,3,3,2012,3,1,0,2,1
104.3029866,20.32673551,40,40,22,22,4,3,2012,3,1,2006,4,1
102.2201883,20.13539331,476,476,44,44,1,1,2012,1,1,0,1,2
101.6852869,20.87662993,520,520,22,24,1,1,2012,1,1,2012,1,2
102.543281,19.88608557,530,530,44,44,1,1,2012,1,1,2012,1,2
102.6728572,20.07260067,893,893,44,44,1,1,2012,1,1,2012,4,2
100.7870749,19.85615276,352,352,44,44,3,3,2012,3,1,2013,2,2
104.4804148,20.63394125,22,22,44,44,1,1,2012,1,1,2011,2,3
101.4607985,20.99149955,946,946,22,24,1,1,2012,1,1,2013,1,3
100.9980455,20.06288352,752,752,44,44,3,3,2012,3,1,2014,2,3
102.6217162,20.24964052,601,601,44,44,1,1,2012,1,1,2009,3,5
101.5172668,20.50296887,400,400,22,22,1,1,2012,1,1,2012,3,5
102.0585437,19.89958715,805,805,44,44,1,1,2012,1,1,2012,5,5
101.7255759,20.35432437,977,977,44,44,1,1,2012,1,1,2013,5,5
104.0609558,20.85497317,94,94,44,44,4,3,2012,3,1,0,5,5
100.9048454,19.89109956,577,577,44,44,4,4,2012,4,1,2009,5,5
102.1503082,20.79943793,385,385,54,44,2,2,2012,2,2,2006,1,1
100.7154071,20.02189195,446,446,55,55,2,2,2012,2,2,0,4,2
101.4069809,19.4022562,635,635,54,44,2,2,2012,2,2,2013,3,4
100.8445997,19.93082507,519,519,54,44,2,2,2012,2,2,2005,5,5
100.9451077,20.44724234,93,93,44,44,1,1,2013,1,1,0,1,1
104.2093296,20.15122356,218,218,22,22,1,1,2013,1,1,0,1,1
100.8386421,20.75260012,397,397,22,22,1,1,2013,1,1,0,1,1
102.002071,19.67413477,475,475,44,44,1,1,2013,1,1,0,1,1
102.4447022,20.72958821,582,582,44,44,1,1,2013,1,1,0,1,1
102.2415091,20.67796785,775,775,22,22,1,1,2013,1,1,0,1,1
101.7497721,20.78473172,956,956,22,22,1,1,2013,1,1,0,1,1
104.0768087,20.28150409,974,974,22,22,1,1,2013,1,1,0,1,1
101.6734405,20.65494037,597,597,44,44,1,1,2013,1,1,0,2,1
101.796272,19.0892004,508,508,44,44,1,1,2013,1,1,0,4,1
104.3158175,19.95432022,988,988,22,22,1,1,2013,1,1,2006,1,1
102.9369157,20.4671463,759,759,44,44,1,1,2013,1,1,2010,1,1
101.8584784,21.05319166,692,692,22,22,1,1,2013,1,1,2011,1,1
101.0934714,20.06042141,627,627,44,44,1,1,2013,1,1,2013,4,1
102.230738,20.98384056,550,550,44,44,1,1,2013,1,1,2013,2,2
104.5146427,19.71857754,462,462,44,44,1,1,2013,1,1,2013,4,2
101.2704238,19.60980986,108,108,44,44,3,3,2013,3,1,2010,4,2
102.1474134,20.60033319,782,782,44,44,1,3,2013,3,1,2013,1,2
101.8455503,20.42639489,212,212,22,22,3,3,2013,3,1,2013,2,2
102.6984028,19.97241992,245,245,22,24,1,1,2013,1,1,0,1,3
103.388411,20.73506129,563,563,44,44,1,1,2013,1,1,2010,4,3
104.2737133,19.88285728,1,1,22,24,1,1,2013,1,1,2013,2,3
102.9489984,20.50982902,515,515,44,45,1,1,2013,1,1,2014,1,3
104.5245589,19.75357619,733,733,44,45,1,1,2013,1,1,2014,1,3
104.4388624,20.73600448,305,305,44,44,4,1,2013,1,1,2014,4,3
102.6658785,19.66855123,215,215,22,25,1,3,2013,3,1,2013,1,3
101.1187431,17.72915463,302,302,22,22,1,1,2013,1,1,2014,3,4
101.3660144,19.39710966,756,756,44,44,3,3,2013,3,1,0,5,4
102.6942659,19.80303227,325,325,45,54,4,4,2013,3,1,2010,3,4
104.2657594,20.78116189,816,816,44,44,1,1,2013,1,1,2005,5,5
101.3634937,17.750091,451,451,22,22,4,1,2013,1,1,2012,3,5
102.0741715,19.7812207,453,453,24,42,4,1,2013,1,1,2013,5,5
102.6377995,19.49559949,680,680,22,22,3,3,2013,3,1,0,5,5
101.3500691,18.11557375,888,888,44,44,4,4,2013,4,1,0,5,5
101.5598026,21.03576059,220,220,44,44,4,4,2013,4,1,2012,5,5
104.3657036,20.65958059,47,47,44,44,4,4,2013,4,1,2014,5,5
100.2406792,20.38908558,869,869,55,55,2,2,2013,2,2,0,1,2
102.2866597,19.75369425,846,846,54,44,2,2,2013,2,2,2012,2,2
100.6810265,20.91424909,753,753,54,44,2,2,2013,2,2,2013,1,2
101.9208756,21.13258894,151,151,54,44,2,2,2013,2,2,2009,2,3
102.1212828,20.11809581,618,618,54,44,2,2,2013,2,2,2014,1,3
101.0898007,21.12760339,673,673,55,55,2,2,2013,2,2,0,5,4
101.847256,19.20923352,76,76,22,22,1,1,2014,1,1,0,1,1
103.3030969,20.21636813,152,152,22,22,1,1,2014,1,1,0,1,1
103.0110926,20.66716608,188,188,22,22,1,1,2014,1,1,0,1,1
102.3158686,20.86738497,208,208,22,22,1,1,2014,1,1,0,1,1
101.853115,20.28004107,209,209,22,22,1,1,2014,1,1,0,1,1
101.7452942,21.11170494,221,221,22,22,1,1,2014,1,1,0,1,1
102.4882457,19.97986187,235,235,44,44,1,1,2014,1,1,0,1,1
103.3749135,20.26745528,271,271,22,22,1,1,2014,1,1,0,1,1
101.3005229,18.8292527,295,295,22,22,1,1,2014,1,1,0,1,1
104.142438,20.15307911,330,330,22,22,1,1,2014,1,1,0,1,1
102.6805933,20.80093028,364,364,44,44,1,1,2014,1,1,0,1,1
102.5633094,20.36830701,445,445,22,22,1,1,2014,1,1,0,1,1
102.8076199,20.6630733,560,560,22,22,1,1,2014,1,1,0,1,1
103.1938934,20.17625609,611,611,11,11,1,1,2014,1,1,0,1,1
102.6245852,20.62380593,658,658,44,44,1,1,2014,1,1,0,1,1
101.7271345,19.8385602,742,742,22,22,1,1,2014,1,1,0,1,1
102.6740319,20.53209754,885,885,22,22,1,1,2014,1,1,0,1,1
102.5803124,20.14260657,955,955,22,22,1,1,2014,1,1,0,1,1
102.0120577,19.76746427,847,847,22,22,1,1,2014,1,1,0,4,1
102.4958445,19.69660278,130,130,22,22,1,1,2014,1,1,2005,1,1
104.0466856,20.08590398,492,492,22,22,1,1,2014,1,1,2006,2,1
102.3824865,20.61353428,918,918,44,44,1,1,2014,1,1,2006,2,1
100.6562744,21.03344623,117,117,44,44,1,1,2014,1,1,2006,4,1
101.9554452,19.33997515,225,225,22,22,1,1,2014,1,1,2007,1,1
102.9727411,20.77997659,983,983,24,42,1,1,2014,1,1,2007,2,1
102.4395688,20.69240206,312,312,44,44,1,1,2014,1,1,2008,2,1
103.1763015,20.887126,337,337,22,22,1,1,2014,1,1,2010,1,1
102.4985193,19.6532946,205,205,22,22,1,1,2014,1,1,2012,1,1
102.6208549,20.34363561,327,327,22,22,1,1,2014,1,1,2012,1,1
101.8000056,19.9855613,591,591,22,22,1,1,2014,1,1,2012,1,1
102.8608095,20.77021916,628,628,22,22,1,1,2014,1,1,2013,1,1
100.456913,20.40865793,533,533,22,22,1,1,2014,1,1,2013,2,1
103.0126866,20.2981345,184,184,44,44,1,1,2014,1,1,2014,1,1
101.0987432,20.15958292,87,87,44,45,1,1,2014,1,1,0,1,2
102.1757544,19.60138309,470,470,22,24,1,1,2014,1,1,0,1,2
101.5866097,20.74339119,833,833,44,44,1,1,2014,1,1,0,1,2
101.110862,19.68897175,185,185,22,22,1,1,2014,1,1,0,2,2
104.2775677,19.9175721,990,990,44,45,1,1,2014,1,1,0,4,2
102.533208,20.29203235,124,124,22,22,1,1,2014,1,1,2006,1,2
102.982456,20.45846835,425,425,44,45,1,1,2014,1,1,2008,4,2
102.589014,20.35945333,620,620,22,22,1,1,2014,1,1,2010,2,2
102.2974856,19.72243668,421,421,22,22,1,1,2014,1,1,2011,1,2
101.7068863,19.00016289,255,255,22,22,1,1,2014,1,1,2014,1,2
104.3315347,20.37076127,934,934,22,25,1,1,2014,1,1,2014,1,2
101.3224084,20.34926935,199,199,44,44,1,1,2014,1,1,2014,2,2
102.9409652,20.72242888,110,110,22,25,1,1,2014,1,1,2014,4,2
101.8331343,20.58321628,536,536,22,24,1,1,2014,1,1,2014,4,2
101.131405,17.54643775,84,84,22,22,3,3,2014,3,1,0,2,2
103.0415291,20.74067349,6,6,44,44,1,3,2014,3,1,2011,2,2
101.5390517,19.53775048,724,724,44,44,1,3,2014,3,1,2014,1,2
101.3329206,20.32946132,125,125,22,24,3,3,2014,3,1,2014,2,2
102.444713,20.66024423,407,407,44,44,1,4,2014,4,1,2014,2,2
102.8517809,20.49022857,948,948,44,44,4,4,2014,4,1,2014,2,2
102.0182262,19.63540503,232,232,22,22,1,1,2014,1,1,0,1,3
101.090825,17.64902876,803,803,22,22,1,1,2014,1,1,2010,1,3
102.8062412,20.11061472,594,594,44,44,1,1,2014,1,1,2014,1,3
102.2236769,20.43879868,676,676,22,22,1,1,2014,1,1,2014,1,3
102.8542627,20.62139387,417,417,45,55,1,1,2014,1,1,2014,2,3
102.7147663,19.87075948,932,932,44,44,3,3,2014,3,1,2011,1,3
100.7051184,19.91587117,202,202,22,22,1,3,2014,3,1,2014,1,3
101.523902,18.32970571,570,570,22,22,1,4,2014,4,1,2006,4,3
102.0114095,19.90909224,58,58,22,25,1,4,2014,4,1,2014,1,3
100.6527832,20.57379632,167,167,22,22,1,4,2014,4,1,2014,1,3
104.2279422,20.84957338,405,405,44,45,1,4,2014,4,1,2014,1,3
101.4693845,20.20856486,483,483,22,24,3,4,2014,4,1,2014,1,3
101.5817223,18.67325969,922,922,44,44,1,4,2014,4,1,2014,2,3
102.3980201,20.40953104,136,136,44,44,4,1,2014,1,1,0,5,4
103.105675,20.23277596,13,13,44,44,1,1,2014,1,1,2013,3,4
102.0490737,20.40396793,346,346,44,44,1,1,2014,1,1,2014,3,4
102.3068188,19.57467782,649,649,44,44,1,1,2014,1,1,0,3,5
102.6194232,19.83103925,291,291,44,44,1,1,2014,1,1,0,5,5
103.5765643,20.04208483,448,448,44,44,1,1,2014,1,1,0,5,5
101.4103268,19.30162112,353,353,45,54,1,1,2014,1,1,2010,3,5
102.00596,19.89437638,200,200,22,22,1,1,2014,1,1,2014,5,5
104.1045351,20.40552464,839,839,22,22,4,3,2014,3,1,2005,5,5
101.7759609,19.39997807,317,317,44,44,3,3,2014,3,1,2013,5,5
101.9155997,19.81484144,414,414,54,44,2,2,2014,2,2,0,1,1
101.472409,20.03564694,497,497,55,55,2,2,2014,2,2,2014,1,3
104.3334922,20.6494297,697,697,54,45,2,2,2014,2,2,2014,4,3
102.2176775,19.55680146,80,80,54,44,2,2,2014,2,2,0,5,4
102.7104494,20.69323671,471,471,55,55,2,2,2014,2,2,0,5,5
100.7979808,20.09177969,731,731,55,55,2,2,2014,2,2,0,5,5
101.808565,19.20531378,7,7,44,44,1,1,2015,1,1,0,1,1
101.3205501,17.92876749,17,17,22,22,1,1,2015,1,1,0,1,1
104.2756364,20.76494022,41,41,44,44,1,1,2015,1,1,0,1,1
104.7881246,20.08780816,62,62,22,22,1,1,2015,1,1,0,1,1
103.1206808,20.36924023,64,64,44,44,1,1,2015,1,1,0,1,1
101.453715,19.36527556,105,105,22,22,1,1,2015,1,1,0,1,1
104.9166838,20.0781561,128,128,44,44,1,1,2015,1,1,0,1,1
100.8918589,20.39864369,141,141,22,22,1,1,2015,1,1,0,1,1
100.7443401,20.62801463,147,147,22,22,1,1,2015,1,1,0,1,1
101.1264893,19.70446527,177,177,44,44,1,1,2015,1,1,0,1,1
103.2928458,20.23496787,239,239,22,22,1,1,2015,1,1,0,1,1
104.6390003,20.04879975,279,279,22,22,1,1,2015,1,1,0,1,1
104.7757467,20.11517356,280,280,22,22,1,1,2015,1,1,0,1,1
103.2021545,20.30641644,339,339,22,22,1,1,2015,1,1,0,1,1
101.3770427,18.50645109,465,465,22,22,1,1,2015,1,1,0,1,1
104.6939133,19.98709317,479,479,44,44,1,1,2015,1,1,0,1,1
101.4897235,18.58844496,487,487,22,22,1,1,2015,1,1,0,1,1
103.8611858,20.73260792,510,510,22,22,1,1,2015,1,1,0,1,1
101.7294808,19.38398364,561,561,44,44,1,1,2015,1,1,0,1,1
104.5948213,20.27126939,567,567,44,44,1,1,2015,1,1,0,1,1
104.5432318,20.13126117,589,589,22,22,1,1,2015,1,1,0,1,1
102.0828413,20.3343941,599,599,44,44,1,1,2015,1,1,0,1,1
101.0861662,20.35251816,624,624,44,44,1,1,2015,1,1,0,1,1
101.5129131,19.6111544,630,630,22,22,1,1,2015,1,1,0,1,1
104.022201,19.91580909,663,663,22,22,1,1,2015,1,1,0,1,1
104.7285684,20.17908541,737,737,22,22,1,1,2015,1,1,0,1,1
104.8549609,20.11308772,799,799,22,22,1,1,2015,1,1,0,1,1
103.6236279,20.46255849,874,874,44,44,1,1,2015,1,1,0,1,1
103.5354437,20.63312049,881,881,44,44,1,1,2015,1,1,0,1,1
101.3604602,18.61928684,920,920,44,44,1,1,2015,1,1,0,1,1
102.2731531,20.32148868,924,924,44,44,1,1,2015,1,1,0,1,1
102.2430907,20.20292533,963,963,44,44,1,1,2015,1,1,0,1,1
101.0999197,20.50112031,192,192,44,44,1,1,2015,1,1,0,2,1
101.6603395,20.91052655,419,419,22,22,1,1,2015,1,1,0,4,1
104.6812672,20.00116796,378,378,44,44,1,1,2015,1,1,2005,1,1
104.3755269,20.58127741,558,558,11,11,1,1,2015,1,1,2005,1,1
104.5724102,20.06166376,887,887,44,44,1,1,2015,1,1,2005,2,1
100.7115918,21.20364525,204,204,24,42,3,1,2015,1,1,2005,4,1
104.6535224,20.22829209,168,168,22,22,1,1,2015,1,1,2006,1,1
100.4441605,19.70058366,602,602,22,22,1,1,2015,1,1,2006,1,1
101.6862754,20.28562546,370,370,44,44,1,1,2015,1,1,2007,1,1
101.7788322,20.05476541,361,361,22,22,1,1,2015,1,1,2008,1,1
103.9214997,20.63704738,553,553,22,22,1,1,2015,1,1,2008,1,1
100.3558295,20.44114121,540,540,22,22,1,1,2015,1,1,2009,1,1
101.8062181,19.89035982,862,862,22,22,1,1,2015,1,1,2009,1,1
100.8387041,20.84458454,439,439,22,22,1,1,2015,1,1,2009,2,1
101.5309299,21.08714697,468,468,44,44,1,1,2015,1,1,2009,2,1
104.1374337,20.64042953,481,481,22,22,1,1,2015,1,1,2010,1,1
101.7448033,20.45026068,713,713,22,22,3,1,2015,1,1,2010,1,1
100.9963232,20.34290239,498,498,44,44,1,1,2015,1,1,2011,1,1
104.0232929,20.88240894,708,708,44,45,1,1,2015,1,1,2011,1,1
101.0003627,20.69529464,721,721,44,44,1,1,2015,1,1,2011,2,1
104.5487711,19.90003253,97,97,24,44,1,1,2015,1,1,2013,1,1
101.1129379,17.49952248,131,131,22,22,1,1,2015,1,1,2013,1,1
104.7865862,19.95198591,396,396,22,22,1,1,2015,1,1,2013,1,1
101.2845355,18.44104318,31,31,22,22,1,1,2015,1,1,2014,1,1
103.886484,20.34273954,240,240,22,22,1,1,2015,1,1,2014,1,1
103.8273827,20.85678506,321,321,22,22,1,1,2015,1,1,2014,1,1
103.2714256,20.55968041,435,435,22,22,1,1,2015,1,1,2014,1,1
103.7917702,20.14153542,217,217,22,24,1,1,2015,1,1,0,1,2
101.1640946,17.56169064,422,422,22,22,1,1,2015,1,1,0,1,2
100.9466368,20.57444592,556,556,22,22,1,1,2015,1,1,0,1,2
100.7168642,20.24131506,638,638,22,22,1,1,2015,1,1,0,1,2
101.8632739,20.79550985,912,912,22,22,1,1,2015,1,1,0,1,2
101.7232127,21.0398047,985,985,22,22,1,1,2015,1,1,0,1,2
102.0265392,21.08763126,457,457,22,22,1,1,2015,1,1,0,2,2
101.4827598,20.67957796,745,745,44,44,1,1,2015,1,1,2009,2,2
103.8914473,20.5723487,538,538,22,22,1,1,2015,1,1,2010,1,2
101.2658214,18.80446965,937,937,11,11,1,1,2015,1,1,2010,2,2
102.2080993,20.97615838,183,183,44,45,1,1,2015,1,1,2013,1,2
103.890963,20.63929333,581,581,44,44,1,1,2015,1,1,2013,1,2
101.6709912,19.82777329,999,999,22,22,1,1,2015,1,1,2014,1,2
100.845127,20.9873142,115,115,44,44,1,1,2015,1,1,2014,2,2
102.1455972,20.62061523,206,206,44,44,4,3,2015,1,1,0,4,2
101.3920335,20.2551729,30,30,44,44,3,4,2015,1,1,2009,2,2
104.7098626,19.89006624,181,181,22,22,1,1,2015,1,1,0,1,3
101.1162553,19.6904418,187,187,22,22,1,1,2015,1,1,0,1,3
101.6406179,19.81637379,360,360,44,44,1,1,2015,1,1,0,1,3
104.4406055,19.93306985,939,939,22,22,1,1,2015,1,1,0,1,3
101.9475713,20.77049435,35,35,44,44,1,1,2015,1,1,0,2,3
101.9732398,20.81156767,440,440,44,44,4,1,2015,1,1,0,4,3
100.6280585,19.63808467,219,219,22,22,1,1,2015,1,1,2006,2,3
104.3339333,20.00969086,596,596,22,22,1,1,2015,1,1,2009,2,3
104.5655118,19.96188424,243,243,44,44,1,1,2015,1,1,2010,2,3
103.733921,20.05466524,670,670,22,22,1,1,2015,1,1,2011,1,3
100.6075098,19.70060761,815,815,22,22,1,1,2015,1,1,2014,1,3
101.6491397,19.41988409,796,796,44,44,1,1,2015,1,1,2014,2,3
100.6174452,20.07629241,943,943,22,22,1,1,2015,1,1,2014,2,3
104.4920197,19.90123505,230,230,44,44,1,3,2015,1,1,0,1,3
104.3794882,19.80084495,234,234,44,42,3,3,2015,1,1,0,2,3
101.6051065,18.99398916,523,523,22,22,3,3,2015,1,1,2010,2,3
101.1995478,21.30194829,646,646,44,44,1,4,2015,1,1,0,1,3
104.8371336,19.86664216,971,971,22,22,3,4,2015,1,1,2007,2,3
101.5838114,20.28690339,925,925,44,44,1,1,2015,1,1,0,3,4
103.7734044,20.43332322,527,527,45,54,1,1,2015,1,1,2008,3,4
101.1179066,17.57080327,46,46,45,55,1,1,2015,1,1,2008,5,4
104.2496402,19.94402275,683,683,22,22,1,1,2015,1,1,2009,3,4
104.4834462,19.8936197,96,96,44,44,1,1,2015,1,1,0,5,5
104.3236528,20.72528964,164,164,44,44,1,1,2015,1,1,0,5,5
101.5186975,20.2090087,441,441,44,44,1,1,2015,1,1,0,5,5
100.9502527,20.96685261,700,700,22,22,1,1,2015,1,1,0,5,5
101.5603291,19.12257605,820,820,44,44,1,1,2015,1,1,0,5,5
104.7533663,20.11161945,884,884,44,44,1,1,2015,1,1,2005,5,5
104.9166867,20.07273413,917,917,44,44,4,1,2015,1,1,2007,5,5
101.4490668,19.56550968,127,127,44,44,3,1,2015,1,1,2011,3,5
101.3421795,19.87032345,474,474,22,22,1,1,2015,1,1,2012,5,5
101.1545,20.5237187,549,549,45,54,1,1,2015,1,1,2012,5,5
100.5458271,19.71071456,411,411,22,22,1,1,2015,1,1,2013,5,5
101.8067211,21.19382906,792,792,45,54,1,1,2015,1,1,2013,5,5
101.1211085,18.41909403,836,836,45,55,1,1,2015,1,1,2014,3,5
104.3871957,20.39753111,585,585,44,44,1,1,2015,1,1,2014,5,5
102.2317721,20.30729564,531,531,44,44,3,3,2015,1,1,0,5,5
101.2630837,19.38256966,373,373,44,44,4,3,2015,1,1,2010,5,5
101.2382619,19.39531974,875,875,44,44,3,4,2015,1,1,0,3,5
101.247898,19.42285607,614,614,44,44,4,4,2015,1,1,0,5,5
102.0149693,19.93298412,449,449,22,24,4,4,2015,1,1,2011,3,5
100.6001056,20.5878802,576,576,44,44,4,4,2015,1,1,2011,5,5
101.217133,20.70940001,696,696,55,55,2,2,2015,2,2,0,1,2
102.2828124,20.37662316,377,377,55,55,2,2,2015,2,2,0,4,2
100.2133927,20.35345961,642,642,55,55,2,2,2015,2,2,2008,4,2
103.7406346,20.04007656,297,297,55,55,2,2,2015,2,2,0,1,3
102.3295807,20.39630617,931,931,54,44,2,2,2015,2,2,0,1,3
100.8514415,20.977729,854,854,55,55,2,2,2015,2,2,0,4,3
101.9356654,20.63245198,415,415,55,55,2,2,2015,2,2,0,5,5
101.2338901,17.81423057,480,480,55,55,2,2,2015,2,2,0,5,5
101.1372311,17.8542944,569,569,55,55,2,2,2015,2,2,0,5,5
101.3472298,17.7162197,604,604,55,55,2,2,2015,2,2,0,5,5
101.8216617,19.9483128,961,961,55,55,2,2,2015,2,2,0,5,5
100.7583491,20.05349748,273,273,55,55,2,2,2015,2,2,2006,3,5
104.2526652,20.3929403,819,819,54,44,2,2,2015,2,2,2006,5,5
102.1893366,20.6668329,374,374,54,44,2,2,2015,2,2,2012,5,5
